groupID,artifactID,date,tags,numberUsages,maxUsage,latestVersion
org.wso2.appserver,jpa-student-register,16-9-2015,application persistence server jpa web webapp,2,0,5.3.0
org.wso2.carbon.identity.framework,template-mgt,11-8-2020,framework template identity management,467,0,5.18.51
org.wso2.carbon.extension.identity.oauth.addons,org.wso2.carbon.identity.oauth2.token.handler.clientauth.jwt,24-7-2020,authentication token identity oauth extension,24,1,2.3.3
org.wso2.analytics.is,tcp-server,17-10-2019,server network tcp analytics,40,0,5.10.0-m2
org.wso2.carbon.devicemgt-plugins,org.wso2.carbon.andes.extensions.device.mgt.api.feature,31-10-2018,plugin management api device extension,74,0,4.1.20
org.testifyproject.archetypes,junit-guice-integrationtest-archetype,4-1-2018,junit archetype dependency-injection testing maven,5,0,1.0.0
com.truward.brikar.protobuf,brikar-protobuf-http-json,6-8-2017,json protocol serialization http,33,1,1.8.35
org.scalaz,deriving-plugin_2.13.0,27-3-2020,plugin scalaz scala functional,4,0,2.0.0-M5
com.lightbend.lagom,lagom-maven-dependencies,23-7-2020,build build-system maven lightbend microservices,59,0,1.6.3
net.exoego,aws-sdk-scalajs-facade-quicksight_sjs0.6_2.12,18-7-2020,aws amazon scalajs sdk scala,8,1,0.30.0-v2.715.0
com.github.hqstevenson.test,tcp-test-util,2-7-2018,github testing network tcp,2,1,1.0.1
com.typesafe.akka,akka-sample-camel_2.10.0-RC2,8-11-2012,actor akka distributed concurrency typesafe example camel,1,0,2.1.0-RC2
org.specs2,specs2-mock_sjs0.6_2.13.0-M4,23-8-2018,mock specs testing mocking,5,23,4.3.4
cloud.altemista.fwk.archetype,cloud-altemistafwk-core-amazon-s3-archetype,26-3-2020,aws s3 amazon archetype maven cloud,3,0,3.1.0.RELEASE
com.github.adedayo.intellij.sdk,script-debugger-ui,13-7-2015,github sdk ide debug ui scripting,1,0,142.1
com.github.ddphin,ddphin-rabbitmq-spring-boot,15-9-2019,github rabbitmq queue amqp spring,8,0,1.1.3
org.openntf.sbt,org.openntf.sbt.samples.j2ee,4-7-2016,build build-system sbt scala example,1,0,1.5.0.2016070...
io.github.soc,testng-interface_sjs0.6_2.10,6-11-2016,github interface testng testing io,4,2,4.0.0-M3
org.ow2.sirocco.cloudmanager,sirocco-api-webapp,19-11-2013,webapp api web application,1,0,0.6.0
io.github.efenglu.maven.tiles,groovy-test,1-4-2019,github build build-system testing maven groovy io,3,0,1.0.2
org.eclipse.che.plugin,che-plugin-test-ls-server,17-10-2018,plugin testing server eclipse,6,1,6.12.2
org.xtext,xtext-idea-gradle-plugin,14-10-2019,plugin build build-system gradle groovy,63,5,2.0.8
com.oath.microservices,micro-async-data-loader,29-10-2019,loader data asynchronous microservices,11,0,1.2.3
com.xfvape.swagger,swagger-spring-boot-autoconfigure,29-3-2018,config spring api swagger,1,1,0.0.4-RELEASE
org.dd4t,dd4t-spring-mvc-archetype,30-12-2017,spring archetype mvc maven,6,0,1.6
com.lightbend.lagom,lagom-scaladsl-api_2.12,23-7-2020,dsl lightbend api microservices,45,9,1.6.3
com.google.api.client,google-api-data-sidewiki-v2,17-8-2010,data google client api,5,0,1.0.10-alpha
com.github.gitqiao,avocado-boot-starter-redis,29-7-2020,github redis database starter,3,1,0.0.4
com.handcraftedbits.archetype,handcraftedbits-archetype-aws,21-10-2018,amazon aws archetype maven,14,0,1.1.8
com.github.hiwepy,maven-invoker-spring-boot-starter,4-1-2020,github spring build build-system maven starter,1,0,1.0.3.RELEASE
ru.shadam.gretty,gretty-runner-tomcat7,15-6-2016,runner webserver server tomcat,2,0,1.3.0
com.liferay,com.liferay.document.library.asset.auto.tagger.google.cloud.natural.language,29-5-2019,google cloud language library,7,0,1.0.6
com.deploygate,gradle,17-2-2017,groovy gradle build build-system,14,0,1.1.0
org.springframework.integration,spring-integration-test-support,22-7-2020,support testing integration spring,40,1,5.3.2.RELEASE
io.apiman,apiman-gateway-platforms-war-jetty8,21-11-2014,application server webserver gateway web webapp io api jetty platform,1,1,1.0.0.Beta1
net.exoego,aws-sdk-scalajs-facade-importexport_sjs0.6_2.13,18-7-2020,aws amazon scalajs sdk scala,11,1,0.30.0-v2.715.0
org.pantsbuild,junit-runner-annotations,9-3-2020,testing junit runner annotations,21,1,0.0.23
com.softwaremill.sttp.client,akka-http-backend_2.11,7-8-2020,actor akka distributed concurrency client http,45,3,2.2.4
com.craterdog.maven-parent-poms,java-web-service,17-11-2015,build build-system service web maven,15,0,3.17
io.github.project-openubl,xml-builder-distribution-parent,11-6-2020,github distribution builder xml io,1,0,1.2.0.RC1
com.github.timeu.gwt-libs.ldviewer,ldviewer-sample,26-2-2020,github gwt ui example,1,0,1.0.0
com.rongji.dfish,dfish-demo,15-6-2020,example webapp web application,1,0,5.0.1.RELEASE
com.athaydes.protobuf,protobuf-tcp-rsa-provider,26-2-2018,network provider serialization tcp protocol,1,0,0.2.1
io.github.zdstly,aladdin-debugger-sdk,1-4-2020,github sdk debug io android,1,0,0.0.1
org.jresearch.gavka,org.jresearch.gavka.admin.gwt.app,18-4-2020,application admin gwt web webapp ui,36,0,1.0.64
com.github.macchinetta.blank,macchinetta-batch-archetype,29-6-2020,github archetype batch maven,4,0,2.2.0.RELEASE
com.hccake,ballcat-spring-boot-starter-swagger,6-7-2020,spring api swagger starter,3,3,0.0.3
nl.cloudfarming.client,geoviewer-render,15-4-2013,client render netbeans module,10,11,13.03-beta
com.zenvia,zenvia-api-sdk-starter-webhook-webmvc,28-11-2019,sdk mvc api starter,1,0,1.1.0
com.github.dzhaughnroth,jasmine-gradle-plugin,1-7-2011,plugin github build build-system gradle groovy,2,0,0.4
org.springframework.data,spring-data-mongodb-parent,22-7-2020,data spring mongodb database,127,0,3.0.3.RELEASE
io.smartcat,cassandra-diagnostics-connector21,18-9-2017,cassandra database connector io,19,1,1.4.10
ai.tock,tock-bot-admin-kotlin-compiler-client,15-7-2020,admin compiler client kotlin,11,1,20.3.3
com.intel.qat,parquet-thrift,29-5-2020,parquet serialization intel thrift column protocol,1,3,1.10.0
org.picocontainer.jetty,picocontainer-jetty-groovy,3-7-2014,server container webserver groovy jetty,1,0,2.0
com.wordnik,swagger-sample-scala-alt-resource-listing_2.10.0-RC3,29-11-2012,application web webapp resource scala swagger api example,1,0,1.2.0
org.activiti.cloud,activiti-cloud-services-test,10-8-2018,service testing bpm cloud,6,7,7-201802-EA
br.com.thiagomoreira.liferay.plugins,share-buttons-portlet,20-11-2014,plugin application portlet web webapp,3,0,1.3.0.0
org.scalaz,scalaz-zio-streams_2.11,31-5-2019,streaming scalaz scala functional,2,3,1.0-RC5
org.eclipse.birt.runtime,org.eclipse.orbit.mongodb,12-7-2013,eclipse mongodb database runtime,1,1,2.10.1.v20130...
nl.demon.shadowland.freedumbytes.maven.custom.skins,maven-application-skin-sample,4-1-2018,maven build build-system example,3,0,1.3.3
net.exoego,aws-sdk-scalajs-facade-efs_sjs1_2.12,18-7-2020,aws amazon scalajs sdk scala,3,1,0.31.0-v2.731.0
org.ojbc.bundles.connectors,disposition-reporting-service-connector,13-9-2017,bundle connector service reporting,1,0,1.0.1
org.scala-sbt,sbt,27-6-2020,scala sbt build build-system,67,4,1.4.0-M1
ai.hyacinth.framework,core-service-web-support,22-1-2020,support framework service web,7,2,0.5.24
at.chrl,chrl-orm-spring-integration,12-9-2015,integration spring persistence orm,2,0,1.1.0
com.github.adedayo.eclipse.sdk,org.eclipse.core.databinding.observable,1-10-2015,github eclipse sdk binding,1,0,1.6.0
org.netbeans.modules,org-netbeans-modules-groovy-gsp,6-8-2020,module groovy ide netbeans,8,2,RELEASE120-1
com.github.microwww,mocker-redis-spring-boot-autoconfigure,13-7-2020,database github spring config redis,2,1,2.0.2-2.8
org.activiti.cloud.modeling,activiti-cloud-services-modeling-rest,6-2-2020,rest bpm service cloud modeling,1,1,7.1.0.M6
org.osgi.enroute.examples.microservice,rest-app,23-10-2018,rest service example microservices osgi,1,0,0.0.1
org.entando.entando.bundles.misc,entando-misc-inspinia,24-4-2020,bundle webapp web application,9,2,6.1.1
com.lasmanis.maven.tiles,scm-github,9-7-2020,github scm build build-system maven,11,0,0.0.51
xdoclet,xdoclet-ejb-module,20-9-2005,ejb module metadata doc,5,4,1.2.3
org.kasource.websocket,ka-websocket-spring-example,19-9-2013,application websocket spring web webapp example,2,0,0.3
io.cettia.platform,cettia-platform-bridge-servlet3,19-3-2015,bridge servlet io platform,1,1,1.0.0-Alpha1
com.manorrock.calico,calico-ui,8-2-2019,ui webapp web application,1,0,1.5.0
com.google.apis,google-api-services-container,9-8-2020,service google container api,732,2,v1-rev93-1.25.0
net.exoego,aws-sdk-scalajs-facade-kafka_sjs0.6_2.12,18-7-2020,aws amazon streaming scalajs sdk kafka scala,11,1,0.30.0-v2.715.0
co.tomlee.gradle.plugins,gradle-release-plugin,31-10-2015,plugin build build-system gradle groovy,6,0,0.0.7
io.openliberty.features,com.ibm.websphere.appserver.cdi1.2-transaction1.2,30-7-2020,io ibm transaction server,23,0,20.0.0.8
dev.zio,zio-test-sbt_sjs0.6_2.13,12-3-2020,build build-system testing sbt scala,10,62,1.0.0-RC18-2
com.github.penggle,spring-cloud-starter-consul-cluster,31-8-2019,github spring cluster cloud consul starter,1,0,2.1.0.RELEASE
se.vgregion.healthcare-context,healthcare-context-patient-context-module-portlet,10-3-2011,application module portlet web webapp,10,0,1.10
io.bootique.kafka.client,bootique-kafka-client-parent,21-3-2018,kafka streaming client io,7,0,0.25
org.eclipse.birt.runtime.3_7_1,org.apache.batik.svggen,9-3-2012,svg eclipse apache graphics runtime,1,2,1.6.0
net.exoego,aws-sdk-scalajs-facade-mediaconnect_sjs1_2.13,18-7-2020,aws amazon scalajs sdk scala,3,1,0.31.0-v2.731.0
io.buoyant,telemetry-influxdb_2.12,10-6-2020,metrics influxdb io telemetry,38,0,1.7.4
io.github.neurodyne,zio-aws-s3_2.13,1-6-2020,github aws s3 amazon io,2,0,0.4.13
com.github.adedayo.eclipse.sdk,org.eclipse.ui.net,1-10-2015,github eclipse sdk ui,1,0,1.2.200
digital.wup,android-maven-publish,7-11-2019,maven build build-system android,14,6,3.6.3
com.typesafe.akka,akka-http-scala-experimental_2.10,30-4-2015,actor experimental akka distributed concurrency typesafe scala http,2,10,1.0-RC2
org.springframework.security.extensions,spring-security-saml-dsl-core,21-3-2018,security spring extension dsl,1,1,1.0.5.RELEASE
org.mongodb.morphia,morphia-logging-slf4j,31-1-2017,mongodb logging database slf4j,22,3,1.3.2
com.panforge.demeter,demeter-enterprise-manager,9-3-2020,manager webapp web application,2,0,2.1.0
com.github.wet-boew,wet-gcwu-theme-overlay,6-4-2014,github webapp web application,11,0,3.1.9
net.osgiliath.framework,net.osgiliath.features.karaf-features.itests.jaxrs.web.cdi,15-6-2015,rest framework web jaxrs osgi,13,0,0.1.8
org.gradle.api.plugins,gradle-android-plugin,10-10-2012,plugin build build-system gradle groovy api android,3,1,1.2.1
org.gradle.api.plugins,gradle-gaelyk-plugin,12-5-2016,plugin build build-system gradle groovy api,8,1,0.7.1
com.github.zuacaldeira,flex-app,12-1-2018,github webapp web application,12,0,1.1.15
net.exoego,aws-sdk-scalajs-facade-workdocs_sjs0.6_2.12,18-7-2020,aws amazon scalajs sdk scala,11,1,0.30.0-v2.715.0
io.gravitee.rest.api.services,gravitee-rest-api-services,4-8-2020,service rest io api,12,0,3.1.2
org.netbeans.modules,org-netbeans-swing-laf-dark,7-8-2020,module ide swing ui netbeans,4,2,RELEASE120-1
org.wso2.carbon.extension.identity.oauth.addons,org.wso2.carbon.extension.identity.oauth2.extension.feature,2-3-2018,identity authentication oauth extension,4,0,1.0.4
org.ow2.jonas.cxf.transport.mdb,mdb-examples-basic-modules-client-sender,11-1-2011,example transport module client,2,2,2.2.12-0.1
org.osgi,org.osgi.service.jdbc,18-8-2015,jdbc sql service osgi,1,39,1.0.0
org.springframework.data,spring-data-cassandra-distribution,22-7-2020,database distribution data spring cassandra,104,0,3.0.3.RELEASE
de.dentrassi.eclipse.neoscada.ide,org.eclipse.scada.configuration.component.common.validation,29-9-2016,eclipse ide config validation,1,0,0.2.0
com.typesafe.play,play-jdbc-api_2.13,21-5-2020,sql jdbc typesafe play-framework api,15,5,2.8.2
org.netbeans.modules,org-netbeans-modules-java-hints-legacy-spi,6-8-2020,module interface ide netbeans,9,8,RELEASE120-1
maven,maven-ant-plugin,20-9-2005,plugin ant build build-system maven,8,1,1.10
net.sourceforge.javydreamercsw,Client-UI,16-3-2014,ui client netbeans module,1,1,0.1
net.unicon.cas,cas-addon-external-config-services-registry-support,21-11-2014,support service registry config,7,1,1.0.0-GA
io.winkelmann,spring-extension-logging,5-9-2016,logging spring io extension,2,0,1.0.1
com.lightbend.lagom,api-tools_2.12,23-7-2020,tools lightbend api microservices,45,0,1.6.3
org.wicketstuff,gae-initializer-example,21-7-2020,application web webapp appengine wicket example,104,0,9.0.1-M3
io.ktor,ktor-client-jetty-kotlinMultiplatform,10-8-2020,server webserver client io jetty,18,0,1.3.2-1.4.0-rc
com.github.docker-production-aws,portfolio-service,9-10-2016,github aws amazon service docker,1,0,0.1.0
org.cloudhoist,clojure-maven-mojo,5-7-2012,clojure maven build build-system,2,3,0.3.3
com.typesafe.akka,akka-pki_2.13,16-7-2020,actor akka distributed concurrency typesafe,3,1,2.6.8
org.jclouds.api,cloudwatch,27-4-2013,aws monitoring cloud metrics api,53,1,1.6.0
org.esupportail.sympa,esup-portlet-sympa,27-1-2017,portlet webapp web application,1,0,5.0
io.ktor,ktor-client-websockets-native,26-2-2020,native client io websocket,13,0,1.3.1
io.grpc,grpc-core,29-7-2020,grpc communication distributed io remoting rpc protocol,75,50,1.31.1
io.grpc,grpc-examples,7-7-2016,grpc io example rpc protocol,13,0,0.15.0
org.netbeans.modules,org-netbeans-modules-projectimport-eclipse-core,6-8-2020,eclipse module ide netbeans,9,4,RELEASE120-1
org.entando.entando.bundles.widgets,entando-widget-navigation_bar,24-4-2020,bundle webapp web application,13,3,6.1.1
org.eclipse.dirigible,dirigible-ide-ui-bpm,25-6-2020,eclipse bpm ide ui,24,1,5.0.0
com.github.eoscode,spring-api-tools,10-5-2020,github spring tools api,7,0,1.2.0-RELEASE
com.wandrell.maven.archetypes,spring-mvc-thymeleaf-archetype,19-11-2017,spring build archetype build-system maven mvc,6,0,1.0.5
com.typesafe.akka,akka-cluster-sharding_2.12,16-7-2020,actor akka cluster distributed concurrency typesafe,63,28,2.6.8
com.stratio.connector,stratio-connector-elasticsearch,5-12-2014,elasticsearch elastic search connector,2,0,0.2.0
com.github.apetrelli.gwtintegration,gwt-integration-spring-web,23-6-2014,github gwt integration spring web ui,3,0,1.0.0-alpha4
com.ekino.oss.gradle.plugin,gradle-java-plugin,25-11-2019,plugin build build-system gradle groovy,2,1,1.0.3
com.github.drtrang,maven-archetype-springboot,30-11-2017,github build archetype build-system maven,2,0,1.0.1
org.odpi.egeria,ui-admin-services-spring,13-2-2020,service admin spring ui,4,1,1.4
org.symphonyoss.symphony.tools.rest,org.symphonyoss.symphony.tools.rest.ui,18-10-2017,plugin rest eclipse tools ui,1,0,0.1.6
io.github.vibrantbyte,spring-boot-starter,11-12-2019,github spring io starter,2,0,2.1.6.RELEASE
net.exoego,aws-sdk-scalajs-facade-sns_sjs0.6_2.12,18-7-2020,aws amazon scalajs sdk scala,11,1,0.30.0-v2.715.0
io.grpc,grpc-api,29-7-2020,grpc io api rpc protocol,24,144,1.31.0
org.antframework.boot,ant-boot-starter-jpa,2-4-2020,ant persistence jpa starter,13,2,2.2.1.RELEASE
io.github.project-openubl,xml-sender-api,12-6-2020,github xml io api,4,1,1.0.0.Final
com.github.persapiens,jsf-bootsfaces-spring-boot-starter,15-7-2016,jsf github spring starter,6,3,1.7.3
org.playframework.anorm,anorm-akka_2.11,27-6-2020,actor akka distributed concurrency play-framework,7,0,2.6.7
com.github.elizabetht,StudentEnrollmentWithMyBatis,9-12-2013,github webapp web application,1,0,1.7
io.zipkin.brave,brave-instrumentation-jms,28-7-2020,jms queue io tracing instrumentation,43,0,5.12.4
org.wso2.carbon.apimgt,org.wso2.carbon.apimgt.samples.pizzashack,11-8-2020,example webapp web application,1439,1,6.7.190
org.springframework.ldap,spring-ldap-integration-tests-parent,13-8-2012,integration spring testing ldap directory,2,0,1.3.1.RELEASE
io.github.interestinglab.waterdrop,plugin-spark-transform-sql,14-5-2020,plugin github sql spark io,1,0,2.0.2
com.github.marcosemiao.log4jdbc,log4jdbc-logger-file-stacktrace,15-1-2017,github logging jdbc sql,4,1,0.2.0
org.scalaz,scalaz-scalacheck-binding_2.12.0-M5,9-9-2016,binding scala scalaz functional,8,28,7.3.0-M5
io.apiman,apiman-manager-api-beans,22-1-2020,beans api manager io,56,14,1.5.5.Final
io.cloudsoft.jclouds.api,filesystem,13-6-2014,cloud file-system io api,6,1,1.7.4-ea-broo...
de.piratech,dasding.api,12-10-2012,api webapp web application,2,0,0.3
com.lightbend.akka.discovery,akka-discovery-consul_2.13.0-M5,21-5-2019,actor akka distributed lightbend concurrency consul discovery,5,0,1.0.1
org.apereo.cas,cas-mgmt-webapp-tomcat,23-7-2020,application server webserver web webapp tomcat,6,0,6.1.7
com.github.cafapi,java-postgres-container,13-7-2017,github database postgresql container,3,0,1.13.0-35
io.github.alanpeng899,shiro-redis-spring-boot-starter,16-7-2019,database github security spring io redis starter,2,0,1.0.1
nl.demon.shadowland.freedumbytes.maven.skins,maven-reflow-skin-sample,16-10-2017,maven build build-system example,1,0,1.2
net.exoego,aws-sdk-scalajs-facade-comprehendmedical-nodejs-v8_sjs0.6_2.12,7-10-2019,aws amazon scalajs sdk scala,2,1,0.26.1-v2.524.0
io.eels,eel-elasticsearch_2.10,31-1-2016,elasticsearch elastic search io,1,0,0.13.0
io.teecube.maven.skins,reflow-maven-skin,12-9-2018,maven build build-system io,2,1,1.1.3
net.exoego,aws-sdk-scalajs-facade-servicecatalog-nodejs-v8_sjs0.6_2.13,7-10-2019,aws amazon scalajs sdk scala,2,1,0.26.1-v2.524.0
io.gravitee.rest.api.management.standalone.distribution,gravitee-rest-api-management-standalone-distribution-zip,13-1-2020,distribution rest management io api,1,0,3.0.0-alpha
io.github.jonrmar,postgres-as-document-db,31-7-2018,github database postgresql io,2,0,1.0.2
io.openliberty.features,com.ibm.websphere.appserver.internal.jca-1.6,30-7-2020,jca io ibm server,23,5,20.0.0.8
org.wso2.carbon.identity.inbound.auth.oauth2,org.wso2.carbon.identity.oauth.scope.endpoint,12-8-2020,application web webapp authentication identity oauth,588,1,6.4.50
io.apiman.plugins,apiman-plugins-soap-authorization-policy,30-7-2020,plugin application authorization web webapp soap io api policy,27,1,1.5.7.Final
com.sun.faces.extensions,jsf-j1,15-8-2011,application jsf web webapp extension,2,0,0.2
cn.ocoop.framework.mybatis.plugin,mybatis-paging-spring-boot-starter,2-12-2017,plugin persistence spring framework starter,3,0,1.2
org.akka-js,akkajsactortyped_sjs0.6_2.11,15-12-2019,concurrency akka actor distributed,11,4,1.2.5.26
com.ifrabbit,spring-data-mybatis-boot-starter,8-3-2019,data spring persistence starter,2,0,2.0.1.RELEASE
com.oracle.ozark.test,handlebars,27-3-2015,testing webapp web application,1,0,1.0.0-m01
com.helger.phase4,phase4-peppol-server-webapp,22-7-2020,server webapp web application,6,0,0.10.4
org.apereo.uportal,uportal-home-mock-portal,23-7-2020,application mock portal web webapp,30,0,10.2.4
com.google.api.grpc,grpc-google-cloud-websecurityscanner-v1,24-6-2020,grpc google cloud api rpc protocol,3,1,1.0.0
io.7mind.izumi,idealingua-v1-runtime-rpc-scala_2.13,6-8-2020,scala io rpc runtime,81,4,0.10.17
org.sakaiproject.basiclti,sakai-web-portlet-basiclti,22-4-2016,portlet web webapp application,6,0,10.7
com.lucidchart,akka-actor-context_2.11,4-3-2017,actor concurrency akka distributed,1,0,0.2
net.exoego,aws-sdk-scalajs-facade-sms-nodejs-v8_sjs0.6_2.13,7-10-2019,aws amazon sms scalajs sdk scala,2,1,0.26.1-v2.524.0
com.github.j5ik2o,reactive-aws-ecs-monix_2.11,6-7-2020,github amazon aws reactive,12,0,1.2.6
me.cmoz.gradle,gradle-snapshot-plugin,1-12-2014,plugin build build-system gradle groovy,2,0,2.0.2
org.netbeans.modules,org-netbeans-modules-php-code-analysis,6-8-2020,module analysis ide netbeans,8,2,RELEASE120-1
org.hspconsortium.reference,hspc-reference-auth-server-jwt-webapp,27-4-2017,reference application server web webapp authentication,3,0,1.3
com.turbospaces.boot,bootstrap-jetty-core,23-4-2020,webserver server jetty bootstrap,2,0,1.0.2
org.specs2,specs2-mock_sjs0.6_2.13.0-M5,11-3-2019,mock specs testing mocking,6,45,4.5.1
org.hswebframework.web,hsweb-concurrent-lock-starter,26-10-2019,concurrent locking web starter,11,1,3.0.10
com.google.api.grpc,proto-google-cloud-monitoring-dashboard-v1,23-6-2020,grpc monitoring dashboard google cloud api rpc protocol,8,2,1.0.0
io.github.cquiroz,scala-java-time_sjs1_2.11,24-4-2020,github scala io time,3,26,2.0.0
net.exoego,aws-sdk-scalajs-facade-qldb_sjs0.6_2.12,18-7-2020,aws amazon scalajs sdk scala,3,1,0.30.0-v2.715.0
com.qifun,stateless-future-akka_2.10,29-4-2014,concurrency akka actor distributed,2,0,0.1.1
com.github.spullara.redis,netty4-server,22-6-2013,database network github socket server netty redis,3,3,0.7
org.specs2,specs2-gwt_sjs1_2.13,3-8-2020,gwt ui specs testing,8,0,4.10.3
org.deeplearning4j,deeplearning4j-aws,13-8-2017,amazon aws machine-learning deep-learning,48,0,1.0.0-beta6
com.github.j5ik2o,reactive-memcached-test_2.11,18-2-2019,github testing reactive memcached,3,1,1.0.6
net.exoego,aws-sdk-scalajs-facade-polly_sjs0.6_2.13,18-7-2020,aws amazon scalajs sdk scala,11,1,0.30.0-v2.715.0
com.github.sundeepk,compact-calendar-view,14-6-2018,github calendar view android,52,0,3.0.0
org.jbpm,jbpm-console-ng-process-runtime-backend,22-12-2016,process bpm console runtime,49,3,7.0.0.Beta5
com.typesafe.akka,akka-http-core_2.12.0-M5,10-7-2016,actor akka distributed concurrency typesafe http,1,15,2.4.8
io.github.reporting-solutions.nl,org.eclipse.birt.report.engine.emitter.config.ppt.nl1,11-5-2019,plugin github eclipse config reporting report io engine,1,0,4.8.0
net.successk,k-akka-openid_2.11,19-1-2016,actor akka openid distributed concurrency,1,0,0.1.0
com.github.piotr-kalanski,kafka-streams-app-framework,19-1-2018,github framework kafka streaming,4,0,0.2.0
com.foursquare,common-thrift-base,22-7-2015,foursquare protocol serialization thrift,52,6,3.0.0-M15
io.atlassian.aws-scala,aws-scala_2.11,1-9-2017,amazon aws scala io,22,0,8.0.3
com.sun.faces,simple-jsf,15-8-2011,jsf webapp web application,1,0,1.0
com.typesafe.akka,akka-slf4j_2.13.0-M3,28-9-2018,actor logging akka distributed concurrency typesafe slf4j,7,102,2.5.17
io.loli.social,custom-jpa,25-5-2017,persistence jpa social io,1,1,0.0.1
org.springframework.amqp,spring-erlang,2-10-2015,queue amqp spring client erlang message,27,1,1.4.6.RELEASE
com.github.byeongukchoi,oauth2-server-java,8-8-2020,github server authentication oauth,10,0,0.0.11
com.github.adedayo.eclipse.sdk,org.eclipse.jdt.compiler.apt,1-10-2015,github compiler eclipse sdk,1,0,1.2.0
com.typesafe.akka,akka-sample-fsm_2.10.0-RC1,16-10-2012,actor akka distributed concurrency typesafe example,1,0,2.1.0-RC1
io.github.azhur,kafka-serde-circe_2.13,27-7-2020,github kafka streaming io,1,0,0.5.0
org.jboss.arquillian.extension,arquillian-drone-build-config,20-3-2018,build config jboss extension,50,0,2.5.1
com.collaborne.build,gwt-compiler-adapter,2-5-2016,gwt ui compiler build,2,0,1.1
org.opencastproject,opencast-asset-manager-storage-aws,22-5-2020,amazon aws manager storage,11,0,8.4
org.terasoluna.gfw.blank,terasoluna-gfw-web-blank-mybatis3-archetype,30-6-2020,archetype web persistence maven,39,0,5.6.0.RELEASE
org.hspconsortium.reference,hspc-reference-api,31-1-2018,reference application web webapp api,24,0,1.10.5
org.flowable,flowable-ui-idm-app,22-1-2020,ui webapp web application,14,0,6.5.0
org.netbeans.external,org-eclipse-mylyn-commons-xmlrpc,6-8-2020,eclipse ide xml rpc netbeans,9,2,RELEASE120-1
io.amient.affinity,storage-kafka_1.1-scala_2.11,18-12-2019,streaming kafka scala storage io,34,3,0.13.6
org.cloudhoist,clojure-maven-plexus-compiler,5-7-2012,clojure compiler build build-system maven,5,1,0.3.3
org.scala-js,scala-junit-mixin-plugin_2.12.0-M5,1-7-2016,plugin testing junit scala,1,0,0.1.0
org.jbpm,jbpm-console-ng-human-tasks-forms-api,22-12-2016,bpm forms api console,32,0,7.0.0.Beta5
com.github.antennaesdk.server,message-server,23-7-2016,application github server web webapp,2,0,0.1.4
org.scalatra,scalatra_2.8.2.RC1,29-8-2011,web-framework scala web framework,1,6,2.0.0.RC1
io.github.chenwuwen,dynamic-datasource-spring-boot-starter,13-3-2020,github data spring io starter datasource,1,0,1.0.0
com.github.axway-api-management-plus.apim-cli,apimcli-apis,22-7-2020,github api management command-line,2,2,1.2.1
ws.unfiltered,unfiltered-netty-server_2.13.0-M5,15-10-2018,server network netty socket,1,6,0.10.0-M2
io.openliberty.features,com.ibm.websphere.appserver.javax.jaxrs-2.1,30-7-2020,server rest io ibm jaxrs,22,3,20.0.0.8
com.github.adedayo.eclipse.sdk,org.eclipse.sdk.tests,2-10-2015,github eclipse testing sdk,1,0,4.6.0
ru.megadevelopers,postgres-hibernate-mapper,2-4-2014,database persistence mapping postgresql hibernate,2,0,2.0
fr.davit,akka-http-metrics_2.12,28-12-2018,actor akka distributed concurrency metrics http,1,0,0.2.0
io.silverware,http-invoker-microservice-provider,8-2-2017,provider service io http microservices,4,1,3.0
com.github.lauhwong,image-editor,27-7-2017,github image editor android,2,0,1.1
net.exoego,aws-sdk-scalajs-facade-opsworks_sjs1_2.12,18-7-2020,aws amazon scalajs sdk scala,3,1,0.31.0-v2.731.0
net.exoego,aws-sdk-scalajs-facade-autoscaling_sjs0.6_2.13,18-7-2020,aws amazon scalajs sdk autoscaling scala,11,1,0.30.0-v2.715.0
com.typesafe.akka,akka-sample-hello-kernel_2.10.0-RC2,8-11-2012,actor akka distributed concurrency typesafe example,1,0,2.1.0-RC2
com.typesafe.play,routes-compiler_2.13.0-M3,12-10-2018,routing compiler typesafe play-framework,4,0,2.7.0-M4
com.sksamuel.pulsar4s,pulsar4s-akka-streams_2.11,9-8-2019,actor streaming akka distributed concurrency,7,0,2.4.0
io.github.sivalabs.maven.archetypes,spring-boot-maven-archetypes,6-10-2018,github spring build archetype build-system maven io,1,0,0.0.1
org.wso2.carbon.identity.server.api,org.wso2.carbon.identity.api.server.email.template.common,11-8-2020,server mail template api identity,97,2,1.0.151
io.github.reporting-solutions,org.eclipse.birt.report.designer.ui.preview.test,11-5-2019,plugin github eclipse testing reporting ui report io,1,0,4.8.0
net.manub,scalatest-embedded-kafka-streams_2.11,12-8-2018,embedded scala kafka streaming,17,2,2.0.0
io.scalecube,scalecube-services-gateway-examples,8-7-2020,service example gateway io,42,0,2.9.2
com.lightbend.lagom,lagom-javadsl-server_2.11,5-12-2019,dsl server lightbend microservices,64,9,1.5.5
ru.tinkoff,phobos-akka-stream_2.12,13-7-2020,actor streaming akka distributed concurrency,4,0,0.8.1
pl.newicom.dddd,akka-ddd-core_2.12,29-4-2018,concurrency akka actor distributed,12,3,1.7.8
net.exoego,aws-sdk-scalajs-facade-glue-nodejs-v8_sjs0.6_2.13,7-10-2019,aws amazon scalajs sdk scala,2,1,0.26.1-v2.524.0
org.hawkular.accounts,hawkular-accounts-sample-websocket-frontend,15-7-2016,application websocket web webapp frontend example,43,0,2.0.39.Final
io.openliberty.features,com.ibm.websphere.appserver.org.eclipse.persistence-2.6,30-7-2020,persistence server eclipse io ibm,23,2,20.0.0.8
org.activecomponents.jadex,jadex-gradle-plugin,10-5-2020,plugin build build-system gradle groovy,26,0,3.0.117
se.vgregion.rp-layouttpl-2,rp-layouttpl-2-core-bc-module-layouttpl,31-10-2012,module webapp web application,3,0,1.2
org.graylog2,jersey-netty,24-6-2015,network logging socket netty webservice,8,3,1.5.2
cn.springcloud.feign,venus-cloud-feign-sample-provider-api,21-7-2018,provider cloud example api,1,2,1.0.0
org.netbeans.modules,org-netbeans-modules-javascript-nodejs,6-8-2020,module javascript ide netbeans,8,6,RELEASE120-1
fr.davit,akka-http-scalapb-json4s_2.12,10-5-2020,actor json akka distributed concurrency http,4,1,0.2.2
org.eclipse.hudson,hudson-jetty-war-executable,9-2-2016,eclipse webserver server jetty,31,0,3.3.3
com.github.j5ik2o,reactive-aws-sqs-core_2.11,6-7-2020,github amazon aws reactive,12,3,1.2.6
net.wasdev.wlp.maven,liberty-plugin-archetype,22-7-2019,plugin build archetype build-system maven,21,0,3.0.M1
org.activiti,activiti-process-runtime-api,10-8-2018,bpm process api runtime,1,8,7.0.0.Beta1
com.eoniantech.build,aspectj-bom,22-4-2018,bom build aspect aop,2,0,1.9.1
org.hawkular.commons,cassandra-driver-wf-module,15-12-2015,module cassandra database driver,3,3,0.2.5.Final
io.github.faob-dev,aar-lib,23-6-2018,github library io android,1,0,1.0.0
co.parish.stephen.publisher,gradle-plugin,11-9-2014,plugin build build-system gradle groovy,1,0,1.0.0
io.rxmicro,rxmicro-annotation-processor-integration-test,27-5-2020,integration testing annotations processor io,7,9,0.5
org.wso2.carbon.analytics-common,org.wso2.carbon.event.stream.stub,29-6-2020,event streaming analytics stub,90,11,5.2.26
com.esyfur,gradle-expand-props,31-8-2013,groovy gradle build build-system,6,0,0.3.4
org.apereo.cas,cas-server-support-u2f-dynamodb,17-7-2020,database support aws server dynamodb,1,0,6.3.0-RC1
io.github.eisop,framework-test,26-5-2019,github testing framework io,2,0,3.0.0-b2
io.tracee,tracee-context-logger-http-connector,15-5-2014,logging connector io tracing http,1,1,0.3.0
net.sf.javaprinciples.membership,membership-client,9-5-2014,client webapp web application,3,0,1.0.2
eu.tripled-framework,spring-boot-eventbus-starter,23-8-2019,eventbus messaging spring framework starter,2,0,0.0.2
com.github.scullxbones,akka-persistence-mongo-common_2.11,18-5-2020,actor github persistence akka distributed concurrency mongodb,85,7,2.3.3
org.scala-native,test-interface-sbt-defs_native0.3_2.11,23-4-2019,native interface build build-system testing sbt scala,10,1,0.3.9
org.jboss.arquillian.graphene,graphene-selenium-ftest-junit-container,5-9-2013,selenium junit container testing jboss,6,0,2.0.0.Alpha5
com.softwaremill.sttp,akka-http-handler_2.11,13-9-2017,actor akka distributed concurrency http,14,0,0.0.13
io.opentracing,opentracing-api,6-5-2019,io tracing api distributed,29,204,0.33.0
de.heikoseeberger,akka-http-avro4s_2.11,21-6-2019,actor akka serialization avro distributed concurrency http protocol,15,2,1.27.0
com.auth0,java-jwt,6-5-2020,authentication jwt json security,32,58,3.10.3
org.dominokit.domino.archetypes,domino-gwt-single-module-archetype,3-6-2019,module gwt archetype maven ui,5,0,1.0-rc.4
org.eurekaclinical,emory-cdw-patient-set-service,22-12-2016,service webapp web application,1,0,1.0-Alpha-1
de.dentrassi.eclipse.neoscada.core,org.eclipse.scada.da.server.exporter.rest,29-9-2016,server rest eclipse export,1,0,0.3.0
com.trueaccord.scalapb,protobuf-runtime-scala_2.12.0-M5,2-8-2016,protocol serialization scala runtime,2,1,0.1.13
nl.grons,metrics-akka_a24_2.11,7-1-2018,actor akka distributed concurrency metrics,1,0,4.0.0
com.gilt,gfc-aws-kinesis-akka_2.12.0-RC1,18-10-2016,actor aws amazon akka distributed concurrency,1,0,0.10.1
org.scala-sbt,util-collection_2.12,6-7-2017,scala sbt build build-system,11,9,1.0.0-M26
io.github.ngbinh,endpoints-algebra-circe_2.13,15-10-2019,github math algebra io,1,8,0.10.1+26-d14...
com.adobe.api.platform,micro-service-build,5-2-2019,build service api platform,9,0,1.3.7
com.github.j5ik2o,reactive-aws-common-project_2.11,6-7-2020,github amazon aws reactive,18,0,1.2.6
it.tidalwave.netbeans,netbeans-platform-application-archetype,17-5-2013,archetype ide maven platform netbeans,2,0,1.6
org.odpi.egeria,discovery-engine-services-client,1-8-2020,service client discovery engine,11,0,2.1
com.github.hi-fi,tcp-mocker-server,3-8-2018,github server network tcp,6,0,0.0.6
io.laserdisc,scanamo-json-tests_2.13,26-3-2020,dynamodb json testing io,1,2,1.0.8
com.eworkcloud.starter,ework-cloud-starter-dns,10-8-2020,network dns cloud starter,32,0,2.3.1
org.mil-oss,fgsms.Bootstrap,12-3-2017,bootstrap webapp web application,1,0,7.0.0
org.activiti.cloud.modeling,activiti-cloud-services-org-jpa,26-11-2019,persistence bpm jpa service cloud modeling,13,2,7.1.0.M5
com.sun.grizzly.samples,stickies,21-2-2017,example webapp web application,47,0,1.9.65
net.exoego,aws-sdk-scalajs-facade-ram_sjs1_2.13,18-7-2020,aws amazon scalajs sdk scala,3,1,0.31.0-v2.731.0
com.sandinh,akka-guice_2.12.0-M4,24-5-2016,actor akka dependency-injection distributed concurrency,1,0,3.1.3
com.carma,swagger-doclet-sample-jersey2,1-4-2016,doc webservice swagger api example,12,0,1.1.2
com.lightbend.akka.grpc,akka-grpc-interop-tests_2.12,20-7-2020,actor grpc akka testing distributed lightbend concurrency rpc protocol,23,0,1.0.1
org.springframework.integration,spring-integration-ftp,22-7-2020,network ftp integration spring,127,6,5.3.2.RELEASE
com.liferay,com.liferay.portal.security.service.access.quota.api,26-6-2020,security portal service api,28,0,3.0.6
io.eels,eel-elasticsearch_2.12,9-8-2017,elasticsearch elastic search io,7,0,1.2.4
global.namespace.truelicense-maven-archetype,truelicense-maven-archetype,9-2-2020,archetype maven build build-system,9,0,4.0.3
org.eclipse.che.lib,che-swagger-module,30-9-2019,module eclipse library swagger api,23,2,7.2.0
com.github.j5ik2o,reactive-aws-eks-cats_2.11,6-7-2020,github amazon aws reactive,11,0,1.2.6
com.github.j5ik2o,reactive-aws-elasticsearch-test_2.12,6-7-2020,github aws amazon elasticsearch reactive testing elastic search,12,4,1.2.6
io.github.bluemiaomiao,fastdfs-spring-boot-starter,14-5-2020,github spring io starter,3,0,2.0.1-RELEASE
io.zonky.test.postgres,embedded-postgres-binaries-linux-amd64,15-6-2020,embedded database binary unix testing postgresql linux io,60,1,12.3.0
com.github.acsgh.spark.scala.converter.template,thymeleaf_2.13,30-10-2019,github spark template scala,2,1,1.1.0
org.wso2.carbon.business-process,org.wso2.carbon.attachment.mgt.stub,16-7-2020,business process management stub,122,6,4.5.35
org.specs2,scalaz-core_2.10.1-RC1,12-2-2013,scalaz scala specs testing,1,8,7.0.0
com.github.adedayo.intellij.sdk,intellilang-jps-plugin,13-7-2015,plugin github sdk ide,1,0,142.1
net.exoego,aws-sdk-scalajs-facade-cloud9_sjs1_2.12,18-7-2020,aws amazon scalajs sdk cloud scala,3,1,0.31.0-v2.731.0
io.scalajs.npm,angular-anchor-scroll_sjs0.6_2.12,14-10-2017,scala scalajs angular io,10,1,1.0.0-2
com.khubla.com.pragmatach.examples,jspexample,6-9-2016,example webapp web application,1,0,1.40
io.grpc,grpc-netty,29-7-2020,network grpc socket netty io rpc protocol,74,59,1.31.0
org.entando.entando.bundles.app-view,entando-app-view-userreg-default,24-4-2020,application bundle web webapp view,11,1,6.1.1
xdoclet-plugins,xdoclet-plugin-portlet,14-12-2005,plugin doc metadata portlet,16,1,1.0.3
com.deere.isg.work-tracker.examples,java-example,28-2-2019,application web webapp tracking example,12,0,1.0.0-rc14
com.typesafe.akka,akka-durable-mailboxes,26-6-2013,actor akka distributed concurrency typesafe,17,0,2.2.0-RC2
it.tidalwave.bluebill,it-tidalwave-bluebill-mobile-website,11-8-2011,mobile webapp web application,1,0,1.0.1
net.exoego,aws-sdk-scalajs-facade-cloudsearchdomain_sjs0.6_2.12,18-7-2020,aws amazon scalajs sdk scala,11,1,0.30.0-v2.715.0
org.netbeans.modules,org-netbeans-modules-web-indent,6-8-2020,web module ide netbeans,9,8,RELEASE120-1
com.github.ajozwik,quill-async-jdbc-macro_2.12,16-7-2020,github sql jdbc macro asynchronous,11,0,0.9.0
com.github.fsanaulla,chronicler-akka-management_2.13,20-1-2020,actor github akka distributed concurrency management,10,1,0.6.4
nl.hsac,hsac-scheduler,28-10-2019,scheduling webapp web application,3,0,1.4.1
io.prestosql,presto-thrift,8-8-2020,protocol serialization thrift io,41,0,340
com.tapad.sbt,oozie-lib_2.11,2-12-2017,build build-system sbt library scala,1,0,0.1.0
io.shardingsphere,sharding-jdbc-spring-boot-starter,3-1-2019,sql jdbc spring io starter,7,2,3.1.0
com.typesafe.akka,akka-cluster-sharding_2.12.0-M3,1-4-2016,actor akka cluster distributed concurrency typesafe,3,9,2.4.3
io.onee,onee-framework-sdk-storage,27-5-2020,sdk framework storage io,1,1,1.1.0
com.github.richardwrq,krouter-gradle-plugin,26-6-2018,plugin github build build-system gradle groovy,9,0,0.1.8
com.github.moronicgeek.swagger,client,19-9-2017,github client api swagger,1,0,0.1
com.github.iancao,caoyx-rpc-spring-provider,14-3-2020,github provider spring rpc,1,0,1.0.0
com.github.piotr-kalanski,kafka-admin-rest,5-2-2018,github admin streaming rest kafka,1,0,0.4.1
com.wueasy,wueasy-data-elasticsearch,4-3-2020,data elasticsearch elastic search,6,0,3.2.2
fr.davit,akka-http-avro_2.13,3-7-2020,actor akka serialization avro distributed concurrency http protocol,2,0,0.1.1
org.hswebframework.web,hsweb-system-config-api,26-10-2019,system config web api,11,2,3.0.10
com.github.nicklaus4,common-pool-toolkit,13-5-2019,github pooling tools toolkit,3,0,1.0.6
io.micronaut.configuration,postgres-reactive,9-10-2018,database reactive config postgresql io,2,0,1.0.0.RC2
uk.ac.open.kmi.iserve,iserve-rest,18-2-2016,rest webapp web application,6,1,2.1.1
org.jboss.remoting,jboss-remoting-socket-client,25-4-2010,socket jboss client remote,1,0,2.5.0.SP2
com.holon-platform.mongo,holon-starter-mongo-datastore,15-7-2020,persistence starter platform mongodb,11,0,5.5.0
org.eclipse.neoscada.core,org.eclipse.scada.core.client.connection.service,26-10-2016,eclipse service client connection,1,3,0.1.0
com.github.duanxinyuan,library-util-ftp,15-10-2018,network ftp github library,1,0,1.0.0
com.yang-bo.dsl.domains.akka.actor,dsl-domains-akka-actor-typed_2.11,12-6-2019,actor akka distributed concurrency dsl,3,0,0.0.0+115-764...
com.github.j5ik2o,reactive-aws-elasticsearch-monix_2.12,6-7-2020,github aws amazon elasticsearch reactive elastic search,12,0,1.2.6
com.github.adedayo.eclipse.sdk,org.eclipse.help,1-10-2015,github eclipse sdk help,1,0,2.1.1
com.github.enalmada,play-elasticsearch_2.11,24-12-2015,github elasticsearch elastic search,6,0,0.1.5
com.strategicgains.archetype,restexpress-mongodb,10-2-2016,archetype mongodb database maven,11,0,1.18
io.github.davidgregory084,vertices-kafka-client_2.12,11-3-2020,github streaming kafka client io,2,0,0.1.2
com.github.csabasulyok,gradle-latex,29-10-2016,github build build-system gradle groovy,1,0,1.0
com.typesafe.conductr,akka25-conductr-client-lib_2.11,29-1-2018,actor akka distributed concurrency typesafe client library,6,0,2.2.0
org.scalaz,scalaz-scalacheck-binding_sjs1.0.0-M8_2.13,14-10-2019,binding scala scalaz functional,1,2,7.2.29-scalac...
org.caffinitas.gradle.testrerun,org.caffinitas.gradle.testrerun.gradle.plugin,29-5-2020,plugin build build-system gradle groovy,1,0,0.1
com.typesafe.akka,akka-testkit_2.12.0-M3,1-4-2016,actor akka testing distributed concurrency typesafe,3,75,2.4.3
mevenide,maven-nb-module,20-9-2005,module maven build build-system,1,1,1.0.2
io.github.dmateusp,fs2-aws_2.12,7-2-2020,github amazon aws io,26,1,2.28.10
com.github.j5ik2o,reactive-aws-lambda-project_2.11,6-7-2020,github aws amazon lambda reactive,12,0,1.2.6
com.stormpath.spring,stormpath-sdk-tutorials-spring-security-webmvc-the-basics,28-9-2017,application security sdk spring web webapp mvc,20,0,2.0.4-okta
com.yang-bo.dsl.domains.akka.actor,typed_2.12,29-5-2020,actor akka distributed concurrency dsl,71,0,1.0.1+3-c334a586
com.github.karamelsoft.testing,data-driven-testing-xml,29-11-2017,github data testing xml,2,0,0.3.1
com.github.gwtmaterialdesign,gwt-material-patterns,11-5-2017,application github gwt pattern web webapp ui,6,0,2.0-rc5
com.zhaofujun.nest,nest-plus-spring-rabbitmq,5-8-2020,queue amqp rabbitmq spring,18,1,2.0.24
org.appverse.web.framework.modules.backend.tests.security.oauth2,appverse-web-modules-backend-tests-security-oauth2,17-11-2016,module security framework testing web authentication oauth,10,0,2.0.0-RC10
ee.originaal.maven.extensions,individual-phases-maven-extension,18-6-2019,extension maven build build-system,1,0,1.0.0
se.vgregion.tyck-till,tyck-till-test-servlet,27-4-2010,application servlet testing web webapp,2,0,1.8
io.geewit.data,gw-data-jpa-envers,30-1-2020,data persistence jpa io,7,0,1.2.1
no.ssb.lds,linked-data-store-persistence-provider-test,11-1-2019,persistence testing provider data,3,4,0.3
org.opencms.modules,com.alkacon.opencms.v8.template3.demo,22-7-2013,module cms template example,7,1,8.5.2
com.typesafe.akka,akka-cluster_2.11.0-RC3,20-3-2014,actor akka cluster distributed concurrency typesafe,1,6,2.3.0
win.sa4zet,maven-release-version-date-policy,20-7-2020,build build-system maven date policy,2,0,2020.7.20.2
com.mantledillusion.metrics,trail-metrics-support-vaadin-core,20-7-2020,support web-framework gwt metrics,12,4,1.0.0.BETA4
org.junit.platform,junit-platform-gradle-plugin,29-4-2018,plugin junit build build-system testing gradle groovy platform,21,11,1.2.0
io.gravitee.gateway.security,gravitee-gateway-security-oauth2,5-8-2020,security gateway authentication io oauth,147,1,3.1.2
org.scalaz,scalaz-xml_2.12,3-2-2018,scalaz scala xml functional,8,1,7.1.17
io.cloudsoft.jclouds.provider,aws-route53,13-6-2014,dns aws amazon provider cloud io,6,1,1.7.4-ea-broo...
io.helidon.grpc,io.grpc,20-7-2020,io rpc grpc protocol,18,3,2.0.1
ch.jodersky,akka-serial-sync_2.13,24-11-2019,actor akka distributed concurrency sync,2,2,4.2.0
com.github.adedayo.eclipse.sdk,org.eclipse.core.filesystem.macosx,1-10-2015,github file-system eclipse sdk,1,0,1.3.0
org.camunda.bpm.extension,camunda-bpm-process-test-coverage,24-10-2017,code-coverage process bpm testing extension,5,2,0.3.2
io.github.reporting-solutions,org.eclipse.birt.report.engine.emitter.postscript,11-5-2019,plugin github eclipse reporting report io engine,1,0,4.8.0
com.google.api.grpc,proto-google-cloud-video-intelligence-v1p3beta1,24-6-2020,grpc google cloud video api rpc protocol,39,2,0.86.0
com.typesafe.akka,akka-parsing_2.12.0-M3,1-4-2016,actor parser akka distributed concurrency typesafe,2,1,2.4.3
org.elasticsearch,elasticsearch-spark-13_2.10,27-7-2020,elasticsearch elastic search spark,115,1,7.8.1
be.thinkerit.gradle,ubuntu-packager-plugin,3-10-2013,plugin packaging build build-system gradle groovy,1,0,0.3
br.com.jarch,jarch-template,3-8-2020,template webapp web application,42,0,20.7.0
com.github.karamelsoft.testing,data-driven-testing-json,29-11-2017,github json data testing,5,1,0.3.1
org.akka-js,akkajstestkit_sjs0.6_2.11,15-12-2019,concurrency akka actor distributed,19,6,1.2.5.26
io.amient.affinity,avro-serde-kafka_2.3-scala_2.11,18-12-2019,streaming serialization avro kafka io protocol,26,3,0.13.6
com.github.superproxy,test-data-provider,16-9-2015,github testing provider data,1,0,0.1.0
com.github.adedayo.eclipse.sdk,org.eclipse.e4.tools.services,1-10-2015,github eclipse sdk tools service,1,0,4.5.0
io.hydrosphere,serving-grpc-java,20-1-2020,rpc grpc protocol io,1,0,0.1.0
net.exoego,aws-sdk-scalajs-facade-rds-nodejs-v8_sjs0.6_2.13,7-10-2019,aws amazon scalajs sdk scala,2,1,0.26.1-v2.524.0
io.gravitee.platform,gravitee-platform-repository-api,25-3-2020,repository io api platform,1,2,1.0.0
fr.vsct.tock,tock-bot-admin-kotlin-compiler-server,22-8-2019,admin server compiler kotlin,20,0,19.3.3
de.nierbeck.floating.data,akka-ingest_2.11,25-9-2016,actor data akka distributed concurrency,1,0,0.1.1
com.typesafe.play,play-java-jdbc_2.10,10-3-2017,jdbc sql typesafe play-framework,22,4,2.4.11
org.scala-js,scalajs-junit-test-runtime_2.13.0-RC2,29-5-2019,junit scalajs testing scala runtime,4,10,1.0.0-M8
com.github.japgolly.scalajs-react,test_sjs0.6.0-RC1_2.11,14-1-2015,github testing scala scalajs,1,0,0.7.2-RC1
com.lightbend.akka,akka-stream-alpakka-simple-codecs_2.13.0-M5,29-5-2019,actor streaming akka distributed lightbend concurrency codec,5,0,1.0.2
com.github.emc-mongoose,mongoose-storage-driver-net-http-amzs3,6-11-2017,github driver storage http,11,4,4.0.0-alpha5
org.hawkular.btm,hawkular-btm-analytics-service-rest-client,24-5-2016,rest service client analytics,8,1,0.8.0.Final
com.github.j5ik2o,reactive-aws-kms-monix_2.13,6-7-2020,github amazon aws reactive,9,0,1.2.6
com.github.jkutner,tomcat-redis-session,29-9-2016,database github server webserver session tomcat redis,2,2,8.5.5.0
org.appverse.web.framework.modules.backend.reporting,appverse-web-modules-backend-reporting,2-12-2015,framework reporting web module,21,0,1.5.4-RELEASE
com.github.j5ik2o,reactive-aws-s3-cats_2.12,6-7-2020,github aws s3 amazon reactive,12,0,1.2.6
org.anyline,anyline-jdbc-postgresql,25-12-2019,jdbc sql database postgresql,4,2,8.3.6
org.apereo.cas,cas-server-core-configuration-cloud-jdbc,19-11-2018,sql server jdbc config cloud,29,0,5.3.0-RC3
net.devonlinux.solr,solr-quickstart-archetype-no-acceptance-tests,4-12-2011,archetype testing example solr search,1,0,0.4
org.scala-sbt,util-collection_2.10,1-7-2017,scala sbt build build-system,20,9,1.0.0-M25
com.github.nicklaus4,zk-resource-toolkit,27-3-2019,github resource tools toolkit,1,0,1.0.2
org.eclipse.che,che-ide-gwt-app,20-9-2019,gwt ui eclipse ide,34,1,7.0.0-rc-3.0
org.ow2.weblab.service,stringquery-creator-service,9-3-2010,service webapp web application,1,0,1.1
com.spingo,op-rabbit-akka-stream_2.12,3-2-2018,actor streaming akka distributed concurrency,5,0,2.1.0
com.xt-i,spring-cloud-heroku-registry-discovery,29-4-2017,registry spring cloud discovery,5,1,1.0.1
net.exoego,aws-sdk-scalajs-facade-greengrass_sjs1_2.13,18-7-2020,aws amazon scalajs sdk scala,3,1,0.31.0-v2.731.0
org.feasy.cloud,rocketmq-stream-spring-boot-starter,24-6-2020,streaming queue spring cloud starter,1,0,1.0-RELEASE
org.springframework.roo,org.springframework.roo.shell.jline.osgi,9-5-2018,shell command-line spring osgi,13,0,2.0.0.RELEASE
io.getquill,quill-async-postgres_2.12,24-6-2020,database postgresql asynchronous io,39,2,3.5.2
io.nem,api-jersey2-client,18-2-2020,client io api webservice,10,0,0.8.4
com.typesafe.akka,akka-actor-testkit-typed_2.13.0-M5,21-5-2019,actor akka testing distributed concurrency typesafe,6,10,2.6.0-M1
io.frees,legacy-avro-decimal-compat-model_2.12,12-10-2018,model serialization avro compatibility io protocol,1,1,0.15.1
org.locationtech.geomesa,geomesa-hbase-spark-runtime-hbase2_2.11,26-6-2020,spark hbase database runtime,1,0,3.0.0
io.github.reporting-solutions,org.eclipse.birt.report.engine.emitter.config.odp,11-5-2019,plugin github eclipse config reporting report io engine,1,0,4.8.0
com.nmote.jetty,jetty-daemon-runner,16-3-2016,runner webserver server jetty,1,0,0.6
com.github.arucard21.simplyrestful,deploy-jetty-cxf,16-4-2020,github deployment server webserver jetty,10,0,0.11.5
io.tryp,cats-http-metrics-request_2.12,13-7-2018,request metrics io http,3,2,0.1.2
org.elasticsearch,elasticsearch-discovery-jgroups,27-5-2010,elasticsearch elastic search discovery,3,0,0.8.0
de.braintags,vertx-pojo-mapper-json,15-7-2016,mapping json pojo vertx,4,2,1.3.1
com.solace.spring.boot,solace-jms-spring-boot-starter,20-5-2020,jms queue spring starter,10,1,4.1.0
com.liferay.maven,plugins,30-5-2019,plugin maven build build-system,43,0,7.0.0-m2
org.wso2.carbon.identity.framework,org.wso2.carbon.identity.template.mgt,11-8-2020,framework template identity management,467,8,5.18.51
io.oasp.java.modules,oasp4j-jpa-dao,11-9-2018,persistence module dao jpa io,2,2,3.0.0
br.com.thiagomoreira.liferay.plugins,lorem-ipsum-button-hook,20-11-2014,plugin webapp web application,5,0,1.3.0.0
net.ymate.platform,ymate-platform-persistence-redis,16-7-2020,persistence redis database platform,10,1,2.0.9
io.micronaut.azure,micronaut-doc-examples,26-6-2020,example azure doc io,2,0,1.0.0
com.github.camel-labs,camel-device-io,2-6-2015,github io device camel,1,1,0.1.0
org.wso2.carbon.devicemgt,org.wso2.carbon.device.mgt.v09.api,30-10-2018,application web webapp management api device,107,0,3.1.51
cz.auderis,auderis-gradle-tools,15-2-2017,tools build build-system gradle groovy,3,0,2.0.0
io.imunity,unity-server-web-console,26-7-2020,server web io console,4,2,3.3.1
com.facebook.stetho,stetho-js-rhino,18-3-2019,scripting javascript facebook android,8,4,1.5.1
no.nextgentel.oss.akka-tools,akka-tools-persistence_2.12,8-6-2020,actor persistence akka tools distributed concurrency,8,1,2.5.0.2
com.github.e-alharbi,crystallographic-model-building-pipelines-comparison-tool,1-1-2020,github model comparison pipeline,2,0,1.1
com.github.vindell,spring-boot-starter-rocketmq,5-4-2018,github queue spring starter,1,0,1.0.0.RELEASE
com.github.xuwei-k,usagi_2.11,20-5-2017,github message queue client,5,0,0.2.2
com.vanniktech,gradle-code-quality-tools-plugin,10-4-2020,plugin tools build build-system gradle groovy,20,1,0.20.0
de.agilecoders.wicket.mustache,samples,7-1-2013,application mustache web webapp wicket example,1,0,0.1.0
org.opencms,opencms-webapp,5-9-2019,cms webapp web application,21,1,11.0.1
io.openliberty.features,com.ibm.websphere.appserver.javax.annotation-1.2,30-7-2020,annotations io ibm server,23,24,20.0.0.8
net.exoego,aws-sdk-scalajs-facade-route53_sjs0.6_2.13,18-7-2020,dns aws amazon scalajs sdk scala,11,1,0.30.0-v2.715.0
com.github.jcustenborder,maven-central-parent,25-1-2017,github maven build build-system,1,0,1.0.0.0
org.hswebframework.web,hsweb-system-datasource-web,26-10-2019,system web data datasource,11,1,3.0.10
com.typesafe.akka,akka-persistence-tck_2.13.0-M5,21-5-2019,actor persistence akka distributed concurrency typesafe,6,13,2.6.0-M1
io.github.ngbinh,endpoints-akka-http-server-circe_2.12,15-10-2019,actor github server akka distributed concurrency io http,1,0,0.10.1+26-d14...
com.github.jcustenborder.netty,netty-codec-wits,12-7-2019,network github socket netty codec,2,0,0.1.2
