groupID,artifactID,date,tags,numberUsages,maxUsage,latestVersion
org.opendaylight.openflowplugin,features4-openflowplugin-extension-he,27-4-2018,extension,5,0,0.4.4-Carbon
com.github.chrisgleissner,behaim,25-9-2016,github,2,0,0.2.0
com.jwebmp.jre10,jwebmp-bootstrap-switch4,23-9-2018,bootstrap,2,1,0.59.0.14
org.flowable,flowable-content-api,22-1-2020,api,14,7,6.5.0
org.opendaylight.dluxapps,features-dluxapps-aggregator,11-12-2018,aggregation,14,0,0.7.4
org.playframework.anorm,anorm-tokenizer_2.12,27-6-2020,play-framework,7,1,2.6.7
net.mfjassociates.tools,jai-tools,24-5-2017,tools,2,0,1.13.2
org.biins,couchbase-auto-views,19-10-2015,view,1,0,1.0
com.hypertino,json-binders_sjs0.6_2.11,15-1-2020,json,3,2,1.3.0
com.mgmtp.perfload,perfload-console,7-6-2016,console,5,2,4.8.0-beta-2
org.graphfoundation.ongdb,ongdb-cypher-spec-suite-tools,10-6-2020,tools,2,4,3.6.0
org.xipki.examples,examples,15-9-2018,example,1,0,4.0.0
de.adorsys.psd2,aspsp-profile-web,31-7-2020,web,40,2,7.7
com.github.alteryx,alteryxsparkutils_2.10,20-11-2017,github,2,0,1.1
io.frees,iota-core_sjs0.6_2.12,10-8-2018,io,11,4,0.3.10
org.elder.sourcerer,sourcerer-eventstore-spring,18-10-2019,spring,22,0,v6.0.0
com.jdcloud.sdk,charge,18-10-2019,sdk,3,14,0.4.0
org.ow2.jonas,joram-admin,1-10-2013,admin,6,1,5.3.0
io.annot8,annot8-components-financial,24-10-2019,io,3,0,0.4.0
pl.raszkowski,sport-trackers-connector,30-11-2016,connector,4,0,0.1.0-alpha4
org.ow2.jonas,jonas-smartclient-ant,1-10-2013,ant,4,2,5.3.0
net.sf.jkniv,jkniv-sap-provider,11-2-2020,provider,3,0,2.20.0
net.bytebutcher,burp-lib,6-2-2020,library,1,0,1.0
io.springfox,springfox-staticdocs,7-11-2016,io,13,3,2.6.1
com.att.authz,authz-client,12-7-2017,client,1,1,2.6
im.dino,dbinspector,26-10-2019,android,19,1,4.0.0
com.airlenet,play-web-extjs,23-8-2017,web,1,0,1.0.0.RELEASE
com.drivetribe,orchestra-lock_2.12,24-4-2018,locking,5,0,0.7
org.mapsforge,mapsforge-samples-awt,10-6-2016,example,3,0,0.6.1
org.bowlerframework,squeryl-mapper_2.9.0,27-6-2011,mapping,2,0,0.4.1
org.light4j,hc360-java-sdk-hcpaygateway,17-10-2016,sdk,1,0,1.0.0
com.github.ztan.ezy-locality,ezy-locality-core,11-7-2020,github,6,2,0.2.0
com.bowriverstudio,fscrawler-rest,25-10-2019,rest,1,1,2.6
de.dentrassi.eclipse.neoscada.base,org.eclipse.scada.hds,29-9-2016,eclipse,1,6,0.1.0
fi.e257.testing,dirsuite_2.13,21-12-2019,testing,3,0,0.31.0
com.github.plural4j,plural4j,23-9-2015,github,1,0,1.0.0
org.symphonyoss.s2.fugue,fugue-shell,27-4-2020,shell,110,0,0.2.53
com.github.oboehm,gdv-xport-deprecated,8-6-2020,github,6,0,4.1.0
ru.tinkoff,tofu-config_2.12,6-8-2020,config,25,0,0.7.9
org.scalameta,inputs_native0.3_2.11,11-4-2019,scala,19,7,4.1.6
org.sonatype.runtime.itars,itar-plexus-app-booter,10-2-2011,runtime,4,1,2.1.1-v0003
org.seqdoop,hadoop-bam,23-4-2018,hadoop,17,6,7.10.0
com.github.xenoby,util_2.12,25-3-2018,github,1,2,0.3.6-20-g0af...
org.qi4j.library,org.qi4j.library.eventsourcing-jdbm,31-7-2015,library,1,0,2.1
de.nierbeck.floating.data,commons_2.10,25-9-2016,data,1,3,0.1.1
com.dimafeng,neotypes-cats-data_2.11,25-8-2019,data,3,0,0.12.0
org.spire-math,antimirov-props_sjs1_2.12,4-7-2020,math,2,0,0.2.4
io.helidon.dbclient,helidon-dbclient-common,30-6-2020,io,8,4,2.0.1
com.17jee,e-upm-api,27-4-2018,api,14,2,3.0.1.11
io.kamon,kamon-cats-io_2.11,22-7-2020,io,9,0,2.1.4
com.mattunderscore.tree.root,trees-basic-nodes,12-7-2015,tree,3,3,0.0.9
com.github.DeepseaPlatform,coastal,24-11-2019,github,1,0,0.1.0
org.tachyonproject,tachyon-clients,11-11-2015,client,5,0,0.8.2
com.github.1991wangliang,lorne_exception,20-10-2017,github,4,3,1.0.0.RELEASE
io.javadog,cws,17-11-2019,io,1,0,1.1.2
com.documents4j,documents4j-server,9-8-2020,server,11,1,1.1.4
org.sonarsource.sonarqube,sonar-application,31-7-2020,sonar,51,0,8.4.1.35646
com.github.jerrymice.common,common-pom,9-11-2018,github,4,0,0.0.4
io.activej,activej-specializer,14-7-2020,io,4,0,1.1
com.propensive,rapture-io_2.10,27-4-2017,io,12,5,2.0.0-M9
com.foursquare,all_2.10,4-6-2015,foursquare,9,0,3.0.0-M13
cn.spring-up,spring-co,5-3-2018,spring,1,1,0.1
fr.inria.powerapi,library,22-3-2013,library,7,20,1.5
net.nczonline.web,props2js,19-3-2014,web,1,0,1.0.1
com.github.veithen.visualwas,earscan,6-5-2020,github,6,0,4.0.0
com.github.cerst,auto-require_2.12,28-7-2020,github,3,0,0.3.3
pl.msitko,xml-lens-ast_sjs0.6_2.11,20-5-2018,xml,2,2,0.1.0
io.jart,jart,6-5-2020,io,2,0,0.0.4
org.ow2.jonas,jonas-jsf,1-10-2013,jsf,9,0,5.3.0
com.sandinh,spray-routing,9-3-2014,routing,1,1,1.3.0
com.github.liuzhengyang,hotreload-boot,5-6-2020,github,12,0,1.0.11
me.huseyinozer,tooltipindicator,28-6-2017,android,1,0,0.0.1
com.paypal.butterfly,butterfly-cli,20-3-2020,command-line,18,2,3.0.0
com.athaydes.osgiaas,osgiaas-cli-grab,28-1-2017,command-line,1,0,0.7
com.wueasy,wueasy-bus-plugin-dubbo,5-3-2020,plugin,32,2,3.2.2
org.aksw.commons,subgraph-isomorphism-index-jgrapht,15-1-2020,index,8,1,1.3.1
com.alibaba.blink,flink-container_2.11,13-6-2020,container,9,0,blink-3.6.4
com.arcbees,checkstyle-closed,26-3-2015,analysis,2,0,1.2
org.jbundle.config.dep,jbundle-config-dep-thin-db,24-1-2020,config,5,4,1.0.10
top.sanguohf.egg,yang-sql-boot-configure,5-8-2020,sql,25,1,1.0.31-release
com.github.pyloque,ormkids,15-5-2018,github,1,0,0.0.4
com.github.gm-spacagna,sparkz_2.10,19-5-2016,github,1,0,0.1.0
com.netifi,netifi-tracing-idl,28-5-2019,tracing,3,0,1.6.4
io.taig,color-core_2.13,28-3-2020,io,4,0,0.2.1
com.thesamet.scalapb,scalapb-validate-core_2.13,6-7-2020,validation,3,2,0.1.2
com.att.ajsc,sdk-java-interceptor,27-10-2017,sdk,3,6,6.2.0.4
com.github.biopet,vcftotsv_2.11,27-2-2018,github,1,1,0.1
org.marid,marid-editors,5-3-2017,editor,4,0,0.9.5.2
com.guigarage,css-helper,13-10-2014,css,2,4,0.7
com.premiumminds,pm-webapp-utils,17-9-2018,webapp,4,0,2.0
fish.payara.arquillian,payara-micro-remote,17-7-2020,remote,7,1,2.3.1
ai.ylyue,yue-library-webflux,6-8-2020,library,1,0,2.1.0
com.bimbr,clisson-protocol,13-3-2012,protocol,1,1,0.1.0
org.clulab,processors-main_2.11,31-7-2020,processor,37,6,8.1.3
io.mraa.upm,upm_utilities,21-11-2018,io,4,0,1.7.1
org.rapidpm.proxybuilder,rapidpm-proxybuilder-modules-dynamicobjectadapter,14-10-2015,module,2,0,0.0.3
org.mini2Dx,mini2Dx-libgdx-desktop-lwjgl2,31-7-2020,desktop,7,2,2.0.0-alpha.28
io.halahutskyi.telegrambot4s,telegrambot4s_2.12,18-12-2018,io,3,0,1.0-RC2
net.liftmodules,fobo-google-code-prettify_3.0_2.12,17-12-2016,google,1,1,1.7
ar.com.siripo,arcache-backend-memcached,3-9-2019,memcached,6,0,1.2.0
tv.hd3g.commons,parent-persistence,10-8-2020,persistence,11,0,2.3.2.RELEASE-1
com.quigley,filesystem,23-10-2015,file-system,3,1,6
com.github.benhutchison,microjson_sjs1_2.12,7-5-2020,github,1,2,1.6
com.segment.cartographer,cartographer-benchmarks,17-2-2017,benchmark,2,0,1.0.1
com.puresoltechnologies.streaming,tsv,12-8-2019,streaming,1,0,2.1.0
me.lyh,shapeless-datatype-datastore_2.13,12-9-2019,persistence,1,1,0.2.0
com.github.mingchuno,mongopb4s_2.12,18-4-2018,github,2,0,1.0.7
org.json4s,json4s-core_2.13.0-RC3,30-5-2019,json,1,21,3.6.6
io.openliberty.features,mpConfig-1.1,30-7-2020,io,23,7,20.0.0.8
com.metamx,scala-util_2.9.1,3-7-2015,scala,6,2,1.10.3
com.garethahealy,commons-bom,14-1-2016,bom,2,0,1.1.1
info.bitrich.xchange-stream,xchange-binance,2-3-2020,streaming,8,0,4.4.1
com.github.robsonbittencourt,mokona,18-6-2016,github,3,0,0.1.0
com.helger,ph-events,16-10-2017,event,5,0,6.0.0-b2
org.ow2.easywsdl,easywsdl-tool-xsd2xml,20-7-2018,xml,9,5,2.6.0
org.infrastructurebuilder.util,ibcore-bom,3-5-2020,bom,18,0,0.17.1.0
com.eventflit,eventflit-http-java,26-4-2018,http,1,0,0.1.0
com.vilynx,dagda,15-6-2020,android,5,1,1.1.3
me.neavo,boosttoast,24-4-2014,android,1,0,0.0.1
ch.maxant,genericconnector-api,5-10-2015,api,2,4,2.1.0
cn.sexycode,springo-bpm-activiti,20-11-2018,bpm,1,0,0.0.1
org.isarnproject,isarn-sketches-spark_2.11,20-6-2020,spark,19,0,0.4.0-sp2.4
be.eliwan,ew-profiling,25-10-2016,profiling,5,0,1.4
com.ms-square,debugoverlay,24-9-2017,android,6,3,1.1.3
net.sf.apt-jelly,apt-jelly,2-4-2007,scripting,1,2,2.3
org.ow2.carol.cmi,cmi-rpc,7-3-2008,rpc,4,3,2.0-RC4
com.github.t3hnar,akkax_2.11,27-8-2016,github,4,0,2.3
com.lonelystorm.air,air-ui,17-3-2015,ui,9,0,0.1.8
com.slamdata,tectonic-test_2.12,13-12-2018,testing,10,2,6.0.1
de.adorsys,docusafe-business,16-7-2019,business,48,5,1.1.0
name.nkonev.r2dbc-migrate,r2dbc-migrate-parent,29-7-2020,migration,26,0,1.3.2
io.snappydata,gemfire-joptsimple,27-9-2017,io,14,1,2.0-BETA
io.circe,circe-jackson25_2.12,18-2-2020,io,21,0,0.13.0
org.tinymediamanager,resources,23-7-2018,resource,7,1,1.6
com.yurplan,yurplanandroidlibrary,28-1-2016,android,1,0,1.1.2
com.github.daddykotex,courier_2.10,17-11-2018,github,3,0,1.0.0
io.mraa.upm,upm_pca9685,21-11-2018,io,10,0,1.7.1
nz.bradcampbell,paperparcel,2-6-2019,android,12,0,2.0.8
org.spire-math,cats-state_sjs0.6_2.10,9-11-2015,math,2,1,0.3.0
com.plumelog,plumelog_trace,3-6-2020,tracing,1,3,2.0
com.rojoma,rojoma-json_2.10,26-4-2014,json,6,5,2.4.3
com.github.j5ik2o,sw4jj_2.12,29-6-2017,github,2,2,1.0.2
fr.myprysm.vertx,vertx-utils,20-6-2018,vertx,2,0,0.1.3
com.garethahealy.elastic-postman,deployer,3-12-2017,elastic,1,0,1.0.1
com.nrinaudo,kantan.csv-jackson_2.12,27-5-2020,csv,13,0,0.6.1
com.qifun,haxe-scala-stm_2.11,24-11-2014,scala,5,3,0.1.4
com.mojolly.scalate,scalate-generator_2.10,10-7-2015,generator,6,0,0.5.1
springframework,spring-full,20-9-2005,spring,2,1,1.1-rc1
com.zsoltfabok,sqlite-dialect,15-4-2017,sqlite,1,0,1.0
org.xworker,xworker_web,1-6-2018,web,2,1,1.4.2
com.yiji.framework,watcher-core,15-8-2016,framework,6,5,1.5.6
com.liferay,com.liferay.project.templates.social.bookmark,4-5-2020,social,73,0,1.0.73
io.youi,youi-communicate_2.11,22-12-2016,io,1,1,0.1.0
com.genesys,statistics,25-7-2020,stats,333,0,9.0.45
br.gov.frameworkdemoiselle,demoiselle-component-build-parent,8-10-2017,build,7,0,11-RC3
org.ryoframework.core,ryo-service,30-3-2019,service,6,1,1.2.0
site.zido,Elise-distributed,24-8-2018,distributed,1,0,0.1.0-release
com.jd.alpha,alpha-skill-sdk,11-9-2018,sdk,1,0,0.1
com.github.cb372,scalacache-caffeine_2.12,19-6-2019,github,15,8,0.28.0
com.liferay,com.liferay.flags.taglib,25-6-2020,taglib,91,5,5.0.14
com.github.fluidsonic,fluid-stdlib-macosx64,19-10-2019,github,2,0,0.9.27
org.erasmusmc.data-mining.peregrine,peregrine-normalizer,26-6-2015,data,1,2,1.3
com.alibaba.alink,alink_connectors_hive_flink-1.10_2.11,31-7-2020,connector,2,0,1.2.0
com.github.mehmetakiftutuncu,errors_2.11,29-6-2017,github,3,0,1.2
com.mparticle,android-comscore-kit,6-8-2020,android,183,1,5.14.9
pro.topme,spring-boot-back-door,16-11-2019,spring,1,0,1.0.1
org.opendaylight.alto.basic,alto-auto-maps-api,11-12-2018,api,19,3,0.6.4
com.mparticle,android-iterable-kit,6-8-2020,android,127,0,5.14.9
int.esa.nmf.mission.simulator,nmf-library,30-4-2018,library,1,0,1.2.0
com.github.fdietze,pharg_sjs0.6_2.11,12-1-2017,github,2,0,0.1.1
org.typelevel,catalysts-macros_2.10,19-3-2018,macro,5,9,0.6
net.sf.okapi.filters,okapi-filter-pensieve,25-7-2020,filtering,6,5,1.40.0
ru.makkarpov,scalingua_2.13.0-M5,6-4-2019,i18n,2,1,0.8
com.bbossgroups.rpc,bboss-rpc,1-8-2020,rpc,23,3,5.7.3
io.apptik.rhub,core,2-1-2017,io,3,4,0.2.0-alpha1
se.mdh.driftavbrott,mdh-driftavbrott-ws-client,27-3-2020,client,5,1,2.4.0
com.github.tarao,nonempty_2.13,19-8-2019,github,2,0,0.2.0
org.wicketstuff,wicketstuff-jamon-parent,21-7-2020,wicket,51,0,9.0.1-M3
com.sdl.tridion.xo,xo-p13n-compatible,28-7-2020,compatibility,7,7,11.1.0-1048
com.liferay,com.liferay.layout.seo.web,26-6-2020,web,19,0,1.0.20
uk.gov.hmrc,simple-reactivemongo_2.10,17-1-2015,mongodb,13,3,2.1.2
org.drombler.acp,drombler-acp-core-data,22-12-2019,data,8,4,1.0
com.github.m4schini,FancyLog,27-5-2019,github,6,0,2.3.1
com.rte-france.powsybl,powsybl-adn-api,29-7-2020,api,25,2,2.12.0
com.github.lafa.twelvemonkeyspurejava.common,common,6-7-2017,github,2,0,1.0.1
io.monix,minitest_native0.3_2.11,5-4-2020,io,11,47,2.8.2
com.github.pyknic,vector,22-11-2016,github,1,0,1.0.0
io.scalaland,chimney_sjs0.6_2.12,26-7-2020,io,26,5,0.5.3
com.github.julien-truffaut,monocle-refined_2.10,3-1-2018,github,11,3,1.5.0
de.sciss,scalacolliderugens-plugins_2.13,19-6-2020,plugin,4,3,1.19.7
fr.hhdev,ocelot-processor,31-7-2015,processor,8,1,2.0.2
net.digitalid.utility,utility-collections,26-3-2017,collections,1,1,0.7.0
il.co.spiralsoft,cmpt,14-7-2018,android,1,0,0.0.1
com.github.japgolly.univeq,univeq-cats_sjs1.0-RC2_2.13,4-2-2020,github,1,0,1.2.0
io.markdom,package,28-1-2020,io,5,0,0.0.7
com.appoptics.metrics,dropwizard-metrics-appoptics,3-5-2019,metrics,5,0,1.0.4
com.jpmorgan.quorum,tessera-data,31-7-2020,data,23,2,0.11.0.300920...
org.modeshape,modeshape-sequencer-pdf,18-4-2017,pdf,5,1,5.4.1.Final
com.jwebmp.jre11,jwebmp-dynamic-source-code-viewer,18-11-2018,viewer,1,0,0.62.0.1
com.github.xuwei-k,scalaprops-core_2.10,20-5-2015,github,5,2,0.1.4
org.foundweekends.giter8,giter8-library_2.11,17-4-2017,library,1,1,0.8.0
com.github.ancienter,webmagic-scripts,16-6-2020,github,1,0,v2020.6.17
com.io7m.jorchard,com.io7m.jorchard,8-12-2017,io,2,0,1.0.0
org.everit.authentication,org.everit.authentication.context.ri.ecm,22-10-2016,authentication,2,0,2.0.0
dk.apaq.framework,parent,20-11-2012,framework,6,0,1.0.5
com.github.nosix-me,hotconfig,31-7-2017,github,1,0,1.0.0
com.vmware.test-operations,test-operations-parent,15-1-2019,testing,2,0,1.1.0
com.snowplowanalytics,scala-maxmind-iplookups_2.13,9-7-2020,scala,1,0,0.7.1
org.gerweck.scala,gerweck-utils-db_2.11,23-9-2019,scala,25,0,5.0.1
io.rouz,flo,7-9-2017,io,13,0,0.0.13
org.wso2.carbon.commons,org.wso2.carbon.reporting.feature,19-6-2020,reporting,111,0,4.7.32
com.presidentio.but,hadoop-common,26-10-2015,hadoop,1,0,1.0.0
org.objectweb.joram,joram-mom-extensions,14-9-2011,extension,6,2,5.7.0
com.github.advisedtesting,AdviseLogback,25-9-2019,github,3,0,1.3.1
org.julienrf,endpoints-play-client_2.12,3-6-2020,client,15,1,0.15.0+90-108...
ae.teletronics.peers,peers-demo,18-10-2016,example,4,0,0.5.4
org.eclipse,org.eclipse.eclipse,31-8-2010,eclipse,1,0,3.6.0.v20100505
uk.staygrounded,http-stubby,22-8-2018,http,2,1,1.2
io.marauder.supercharger,clipper,8-4-2019,io,1,0,0.0.3
io.frees,frees-play_2.12,7-6-2018,io,18,0,0.8.2
com.bstek.uflo,uflo-console,29-7-2019,console,13,1,2.1.5
com.slickqa,executioner-slickv4-connector,24-10-2016,connector,16,1,2.0.0-19
com.github.vvidovic.inspektr,inspektr-audit,14-3-2017,github,1,1,1.8.GA
it.tidalwave.northernwind.rca,it-tidalwave-northernwind-rca-ui-content-explorer,31-12-2016,ui,18,1,1.1-ALPHA-17
com.github.acodrx,gwtchartjs,30-4-2018,github,1,0,0.5.0-Beta1
org.marid,marid-ide,24-3-2020,ide,22,2,0.9.8.10
org.allenai.tinkerpop.blueprints,blueprints-sail-graph,27-1-2015,graph,2,0,2.7.1
org.ow2.chameleon.sharedprefs,shared-preferences-service,24-8-2010,service,1,2,0.2.0
com.github.azbh111,spigot-1.9.4,20-7-2019,github,1,0,R
org.wildfly.security,wildfly-elytron-mechanism-gssapi,10-8-2020,security,46,9,2.0.0.Alpha7
io.aeron,aeron-all,21-7-2020,io,72,2,1.29.0
io.monix,minitest_2.13.0-M5,18-1-2019,io,4,15,2.3.2
com.enioka.jqm,jqm-test-helpers,11-5-2020,testing,19,3,2.2.4
org.tpolecat,natchez-lightstep-http_2.11,2-10-2019,http,3,0,0.0.10
org.litote.kmongo,kmongo-async-shared,10-7-2020,asynchronous,31,3,4.0.3
org.typelevel,cats-tagless-macros_2.13.0-RC1,7-5-2019,macro,1,1,0.6
org.eclipse.hudson,hudson-core,9-2-2016,eclipse,31,14,3.3.3
net.sf.openas2,openas2-osgi,29-9-2019,osgi,16,0,2.10.0
com.github.edgarespina,mwa-core,13-8-2012,github,16,5,0.2.7
org.opendaylight.nic,features-aggregator,11-5-2018,aggregation,4,0,1.4.3
dk.netdesign,mybatis-extender-integrationtest,27-9-2018,persistence,2,0,2.0.0
org.jboss.arquillian.ajocado,arquillian-ajocado-ftest,30-3-2011,jboss,2,0,1.0.0.Alpha2
com.itv,scalapact-scalatest_2.13,2-4-2020,scala,5,0,2.3.17
it.unibz.inf.ontop,ontop-translation-sql,11-8-2017,sql,1,2,3.0.0-beta-1
com.github.concept-not-found,shroud,31-8-2012,github,3,0,3
io.soabase.halva,halva,20-7-2016,io,6,0,0.2.1
org.opendaylight.yangide,org.opendaylight.yangide.target-platform,15-9-2016,platform,1,0,1.1.1
ch.epfl.lamp,dotty-library_0.7,25-4-2018,library,37,3,0.7.0
tech.mhuang.pacebox,pacebox-springboot-protocol-common,29-6-2020,protocol,12,2,1.1.3
net.guerlab.smart.notify,smart-notify-service,23-7-2020,service,10,3,20.2.1
org.codehaus.redback,redback-jsecurity,7-12-2013,codehaus,17,0,1.4
cglib,cglib-full,28-10-2015,bytecode,3,36,2.0.2
com.butor,butor-quartz,22-11-2019,scheduling,3,0,1.0.30
com.blossom-project,blossom-ui-supervision,18-10-2019,ui,1,2,1.3.0
org.opendaylight.groupbasedpolicy,features-aggregator-groupbasedpolicy,11-12-2018,aggregation,14,0,0.7.4
de.sciss,lucre-data_2.13.0-RC1,27-4-2019,data,1,3,3.12.0
org.typelevel,catalysts-platform_sjs0.6_2.13.0-M4,28-7-2018,platform,1,6,0.7
net.sf.xsparql,xsparql-evaluator,11-9-2014,evaluation,1,5,20140909
com.lyncode,jtwig-spring,24-12-2014,spring,17,1,3.1.1
io.cloudslang.content,cs-dropbox,10-1-2018,io,1,0,0.1.1
exo,exoplatform.services.cms.impl,20-9-2005,service,1,3,1.0
com.intuit.wasabi,wasabi-analytics,19-6-2019,analytics,43,1,1.0.201906190...
org.openwfe,openwfe-worklist,15-4-2006,bpm,8,5,1.7.2
com.thoughtworks.dsl,keywords-foreach_sjs0.6_2.13.0-M4,10-6-2019,dsl,21,1,1.3.1+10-8486...
it.unibo.apice.scafiteam,scafi-demos_2.12,30-7-2018,example,1,0,53ddebd1
cd.connect.composites.java,connect-composite-test,10-7-2017,testing,1,0,1.1
be.ceau,kbobce-models,20-1-2018,model,1,0,0.7.1
io.zenoh,parent-pom,22-1-2020,io,3,0,0.4.1
org.streampipes,streampipes-config,22-11-2019,config,8,7,0.65.0
com.github.restup,up-core,9-4-2018,github,3,3,0.0.3
com.dopsun.chatbot,chatbot-cli,2-9-2018,command-line,3,0,0.3.0
com.qcloud.oceanus,flink-statebackend-rocksdb_2.11,14-6-2020,rocksdb,1,0,1.10.1
com.blossom-project,blossom-starter-bpmn,18-10-2019,starter,12,0,1.3.0
org.easycluster,easyquartz,30-5-2014,scheduling,2,0,1.0.1
com.oath.microservices,micro-cors,29-10-2019,microservices,11,2,1.2.3
com.jdcloud.sdk,ipanti,24-6-2020,sdk,7,0,1.7.0
com.github.andyglow,ulid_2.11,22-6-2019,github,1,0,0.0.3
it.tidalwave.semantic,semantic-modules,25-9-2012,module,7,0,1.0-ALPHA-1
com.github.datalking,play-ioc-lite,14-4-2018,github,3,0,0.1.1
com.github.fsanaulla,chronicler-ahc-shared_2.11,20-1-2020,github,19,2,0.6.4
org.eclipse,jface,27-11-2007,eclipse,2,19,3.3.0-I200706...
org.eclipse,emf,27-11-2007,eclipse,1,0,2.3.0-v200706...
io.monadless,monadless_2.12,26-4-2017,io,4,0,0.0.13
net.officefloor.scala,officescala_cats,29-7-2020,scala,8,0,3.26.0
com.qspin.qtaste.plugin,javagui,6-12-2016,plugin,7,1,3.0.0
com.innowhere,jepldroid,7-5-2015,android,2,0,1.3
com.redhat.lightblue.client,lightblue-client-core,8-1-2019,client,35,3,5.16.0
io.honeycomb.libhoney,libhoney-java-parent,30-7-2020,io,11,0,1.2.0
com.nrinaudo,kantan.csv-jackson_2.11,3-6-2019,csv,19,0,0.5.1
org.activecomponents.jadex,jadex-applications-web,10-5-2020,web,30,0,3.0.117
com.github.pureconfig,pureconfig-javax_2.12,27-6-2020,github,17,0,0.13.0
com.hextremelabs.permiscus,permiscus,6-3-2017,android,1,0,0.1.0
com.despegar,tls-socket-channel_2.11,19-8-2015,socket,2,0,0.1.1
io.kamon,kamon-play-2.5_2.11,1-4-2019,io,11,0,1.1.3
com.lihaoyi,utest_sjs1.0.0-M1_2.13.0-M2,26-12-2017,testing,6,63,0.6.3
com.dragisajevtic.toasttestaplication,advancetoasts,23-7-2020,android,1,0,0.0.1
com.walmartlabs.concord.plugins.basic,noderoster-tasks,5-8-2020,plugin,34,0,1.60.1
com.nummulus,boite-scalatest_2.10,22-4-2013,scala,1,0,0.3.0
org.wso2.carbon.registry,org.wso2.carbon.registry.task.feature,2-7-2020,registry,47,0,4.7.35
com.yandex.ydb,ydb-sdk-parent,6-7-2020,sdk,14,0,1.6.7
fr.janalyse,json2props_2.10,12-7-2019,json,2,0,0.5.1
com.hortonworks.registries,storage,9-6-2020,storage,16,0,0.9.0
org.opendaylight.l2switch.packethandler,packethandler.aggregator,11-12-2018,aggregation,35,0,0.7.4
com.github.greatjapa,heelflip,14-6-2017,github,5,0,1.4
org.opendaylight.openflowplugin,odl-openflowplugin-app-southbound-cli,10-8-2020,command-line,23,1,0.10.2
com.github.advisedtesting,AdviseStaticEvictingClassloader,25-9-2019,github,3,1,1.3.1
com.github.zhangyingwei,nbfile,26-9-2017,github,1,0,1.0-0
com.gilt.apidoc,apidoc-api_2.11,14-11-2014,api,2,0,0.6.13
org.eclipse.neoscada.core,org.eclipse.scada.ae.slave.pull,26-10-2016,eclipse,1,0,0.1.0
io.scalaland,catnip_sjs0.6_2.13,11-9-2019,io,1,0,1.0.0
com.sdk4,sdk4-java-boot,17-11-2018,sdk,1,0,0.0.1-build20...
com.timgroup,java-statsd-client,19-2-2015,client,6,39,3.1.0
org.scalameta,common_2.11,13-7-2020,scala,93,11,4.3.20
cn.home1,oss-common-dependencies-spring-boot-1.4.x,9-9-2017,spring,5,0,1.0.12.OSS
net.dschinghis-kahn,server,8-3-2016,server,1,0,1.0
com.outr,googleapi-scala-js_sjs0.6_2.11,14-11-2018,scala,6,0,0.1.5
com.kohlschutter.junixsocket,junixsocket-native-common,9-3-2020,native,11,20,2.3.2
net.vrallev.sqrl,sqrl-protocol,28-7-2014,protocol,2,0,0.0.2
io.tryp,splain_2.12.9,26-6-2020,io,9,0,0.5.7
net.nan21.dnet,nan21.dnet.module.sd.domain,19-2-2013,module,5,4,1.0.6
com.github.ljtfreitas,java-restify-contract,3-6-2019,github,2,16,2.1.0
org.solovyev.android,android-common-app,20-1-2015,android,18,1,1.1.18
com.f2prateek.ln,ln-dagger-sample,24-12-2013,example,3,0,1.1.1
net.sargue,java-time-jsptags,27-6-2017,time,6,0,1.1.4
ch.ethz.inf.vs,cf-client,25-6-2014,client,1,0,0.18.7-final
org.mil-oss,fgsms-discovery-uddi,12-3-2017,discovery,1,7,7.0.0
com.github.pbaun,rere-sasl_2.11,14-10-2017,github,1,1,0.0.1
org.mymmsc,hotwheel-mybatis,10-12-2019,persistence,9,1,5.6.9
com.projectdarkstar.ext.com.jmonkeyengine,jme-xml,15-8-2011,xml,1,0,2.0-S1
eu.timepit,refined-scalacheck_sjs0.6_2.13.0-RC1,16-4-2019,scala,1,8,0.9.5
com.streametry,streametry-json,20-8-2014,json,2,0,1.0.1
org.dishevelled,dsh-evolve-examples,6-4-2012,example,1,0,1.0
com.github.acidelk,error-handling,5-9-2019,github,3,0,0.2.1
org.elasticmq,elasticmq-api_2.10,21-1-2013,api,1,5,0.6.3
com.github.chengpohi,elasticdsl_2.11,22-12-2016,github,1,0,0.2.2
io.monix,monix_2.13.0-M5,16-6-2019,io,1,7,3.0.0-RC3
com.balysv,material-ripple,30-4-2015,android,3,15,1.0.2
com.github.simonalong,butterfly-sequence,31-5-2020,github,1,0,1.0.0
org.opendaylight.groupbasedpolicy,groupbasedpolicy-domain-extensions,11-12-2018,extension,19,0,0.7.4
com.github.lpezet.java,bufferediterator,28-9-2017,github,1,0,0.0.2
org.wildfly.openssl,wildfly-openssl,7-8-2020,ssl,24,19,1.1.2.Final
ru.tinkoff,tofu-logging-layout_2.12,6-8-2020,logging,29,1,0.7.9
org.eclipse.ditto,ditto-signals-commands-cleanup,20-7-2020,eclipse,10,6,1.1.3
org.restcomm.camelgw,camelgw-cli,14-11-2017,command-line,14,0,7.1.0-64
org.romaframework,roma-mail,14-2-2012,mail,1,0,3.0.0-BETA
org.jboss.narayana.arjunacore,arjunacore,10-7-2020,jboss,94,3,5.10.5.Final
org.dashbuilder,dashbuilder-cms-client,31-7-2020,client,57,2,7.41.0.Final
com.codereligion,codereligion-cherry-test,5-4-2015,testing,1,0,1.0.0
com.ganshane.stark,activerecord-generator_2.11,17-3-2016,generator,2,0,0.1.1
com.sandpolis,sandpolis-core-proto,1-2-2020,protocol,8,15,6.1.0
com.landawn,abacus-android-se-jdk7,25-7-2019,android,149,1,1.8.1
com.xkcoding,nacos-client,31-10-2019,client,2,2,1.1.4
in.kyle.mcspring,mcspring-jar-loader,13-3-2020,loader,1,2,0.0.8
org.digidoc4j.dss,dss-tsl-validation,3-12-2019,validation,21,2,5.5.d4j.1
org.arquillian.universe,arquillian-ape-nosql-vault,21-2-2020,nosql,13,0,1.5.0.0
com.aoindustries,aoserv-examples-book,26-4-2020,example,1,0,1.84.2
org.n52.sensorweb-server.sos,sos-prefixed-identifier,23-7-2020,server,8,1,5.3.0
ai.idylnlp,idylnlp-pipeline,10-6-2018,pipeline,2,2,1.1.0
org.apifocal.activemix.xbean,activemix-xbean-spring,28-3-2020,spring,1,0,1.0.0.rc1
com.insightml,insight-ml-nlp,29-10-2017,nlp,4,0,2.0.0
org.jupyter-scala,scala-kernel_2.11.8,9-5-2017,scala,9,1,0.4.2
top.jfunc.common,network,3-4-2019,network,10,2,1.8.2.0
geronimo,geronimo-clustering,5-10-2005,cluster,5,1,1.0-M5
com.lihaoyi,amm-repl-2.12.4_2.12,16-5-2018,repl,1,1,1.0.5-25-b3b8...
org.wso2.carbon.event-processing,event-flow-feature,22-7-2020,event,54,0,2.2.14
org.hawkular.apm,hawkular-apm-instrumentation-jvm,21-3-2017,instrumentation,12,3,0.14.4.Final
top.javatool,payment-validator,24-6-2017,validation,1,1,1.0.0-RELEASE
se.skltp.aggregatingservices.riv.clinicalprocess.healthcond.description,GetAggregatedCareDocumentation-schemas,12-12-2017,schema,17,1,1.3.1
io.vertigo,vertigo-commons-impl,12-11-2019,io,27,13,2.1.0
org.opendaylight.nic,mapped-objects-model,27-4-2018,model,15,4,1.3.4-Carbon
com.github.yoojia,halo-upload,2-9-2015,github,5,0,1.1.0
com.memtrip.cucumber.smoothie,gherkin-binding,16-5-2017,binding,3,1,1.0.3
io.mraa.upm,upm_adis16448,21-11-2018,io,10,0,1.7.1
io.treev,tagged-types_sjs1_2.13,16-5-2020,io,5,0,3.5.1
com.pragmatickm,pragmatickm-contact-servlet,29-3-2020,servlet,4,3,1.5.0
com.github.rhyskeepence,core_2.11,4-6-2014,github,1,2,1.0.24
net.stepniak.picheese,lib-picheese,3-4-2013,library,4,2,0.9.3
org.wso2.carbon.automationutils,org.wso2.carbon.integration.common.utils,20-8-2015,integration,4,80,4.4.2
org.eclipse.che.multiuser,che-multiuser-parent,6-8-2020,eclipse,73,0,7.17.0
top.jfunc.websocket,jfinal-websocket,29-4-2019,websocket,2,0,1.0.0
com.darylteo,vertx-promises,19-8-2013,vertx,1,0,1.1.0-ALPHA1
com.github.biyusir,eql-plus,8-1-2020,github,5,0,1.5
org.sazabi,util-slick-json_2.10,1-7-2013,json,5,0,0.1.5
org.ow2.jonas,jonas-client-core,1-10-2013,client,6,1,5.3.0
org.wildfly,wildfly-protocol,24-7-2015,protocol,12,4,8.2.1.Final
org.jboss.man,jboss-man,25-4-2010,jboss,29,0,2.1.1.SP2
com.github.lpezet.antiope,parent,28-9-2017,github,1,0,0.0.6
org.wso2.carbon.mediation,org.wso2.carbon.mediator.bridge,30-7-2020,bridge,139,0,4.7.60
com.github.eikek,emil-jsoup_2.12,16-7-2020,github,5,0,0.6.2
net.gouline.droidxing,droidxing,22-12-2014,android,2,0,0.1.1
org.mechio,org.mechio.impl.sensor,18-10-2016,sensor,7,3,1.0.6
com.github.wenzhhu,page-core,17-4-2019,github,4,0,0.0.4
com.daedafusion,configuration-core,22-2-2017,config,2,6,1.1
io.femo,dynamic,16-8-2016,io,1,2,0.0.1
com.hazelcast.jet.contrib,pulsar,27-5-2020,hazelcast,1,0,0.1
org.eclipse.ditto,ditto-signals-commands-things,20-7-2020,eclipse,24,17,1.1.3
com.savoirtech.hecate,hecate-karaf-parent,28-11-2017,osgi,16,0,4.0.0
org.seasar.doma,doma-quarkus-deployment,23-7-2020,deployment,6,0,1.0.0
com.heanbian,heanbian-email,7-8-2020,mail,22,2,20200807
io.nextflow,nxf-ignite,18-12-2018,io,104,1,18.12.0-edge
com.yyter.web,SafeWebView-buildcheck,16-5-2016,web,1,0,1.0.0
com.github.lafa.pdfbox,preflight-app,14-12-2017,github,2,0,1.0.1
com.github.lyjaeho,jizcode-job,21-7-2019,github,8,0,1.0.14-BETA
net.simonvt.menudrawer,menudrawer,13-3-2014,android,7,2,3.0.6
io.codekontor.mvnresolver,mvnresolver-itest,7-9-2019,io,1,0,1.0.0.RC1
com.github.dibyaranjan,base-converter,27-1-2017,github,1,0,0.5-beta
de.tudarmstadt.ukp.dkpro.core,de.tudarmstadt.ukp.dkpro.core.io.conll-asl,10-9-2018,io,11,20,1.10.0
com.helger,ph-as4-servlet,27-2-2019,servlet,7,2,0.8.2
org.opendaylight.bgpcep,bgp-openconfig-api,10-8-2020,api,39,4,0.13.2
com.scraperapi,sdk,14-7-2020,sdk,2,0,1.1
geronimo,j2ee-server,6-1-2006,server,3,19,1.1.1
org.tinymediamanager.plugins,scraper-mpdbtv,4-10-2019,plugin,1,1,3.0
org.juhewu,mail,14-5-2020,mail,1,1,0.0.1
com.github.salomonbrys.kodein,kodein-erased,28-7-2017,github,11,0,4.1.0
com.michaelpollmeier,scala-arm_2.12,29-8-2019,scala,1,2,2.1
org.jnosql.artemis,artemis-extension,16-5-2019,extension,8,0,0.0.9
org.opendaylight.openflowplugin,openflowplugin-blueprint-config,10-8-2020,config,34,2,0.10.2
com.weirddev,scalalock-api_2.12,28-3-2019,api,3,2,1.0.6
com.massrelevance,dropwizard-scala_2.9.1,24-4-2013,scala,1,1,0.6.2-1
com.github.sftwnd.crayfish,crayfish-core,25-5-2020,github,1,0,0.0.1
org.openurp.ws.services.teach,openurp-ws-services-teach-parent,1-4-2014,service,2,0,0.0.2
org.opendaylight.mdsal,mdsal-docs,24-7-2020,doc,49,0,6.0.4
io.mraa.upm,upm_groveo2,21-11-2018,io,10,0,1.7.1
sh.almond,interpreter-api_2.12,5-8-2020,api,34,6,0.10.5
org.javadelight,delight-metrics,20-2-2018,metrics,1,0,0.0.6
org.backuity,ansi-interpolator_2.11,23-11-2014,ansi,2,3,1.1
com.logitags,cibet-shiro,27-7-2019,security,3,1,2.2
io.eels,eel-core_2.11,11-2-2019,io,103,7,1.3.0-a13
com.qcloud.oceanus,flink-queryable-state-runtime_2.11,14-6-2020,runtime,1,0,1.10.1
com.midu,mdsn-client,2-9-2019,client,3,0,1.4.2
jpox,jpox-db4o,21-1-2008,persistence,3,0,1.2.0-beta-5
com.codesnippets4all,xss-filter,9-12-2014,filtering,2,0,1.1
org.scalatestplus,scalatestplus-scalacheck_sjs0.6_2.11,9-9-2019,scala,11,188,3.1.0.0-RC2
org.kuali.kfs,kfs-config,5-3-2012,config,1,0,4.1.1-5
at.ac.uibk.dps.cloud.simulator,dissect-cf,17-8-2015,cloud,2,0,0.9.6
org.xerial,xerial-xml,30-5-2012,xml,3,1,2.0.6
io.kevinlee,just-fp_2.12,31-10-2019,io,2,1,1.3.5
org.nutz,nutz-plugins-xmlentitymaker,27-4-2020,plugin,25,0,1.r.68.v20200427
com.jwebmp.jre11,jwebmp-angular-sanitize,18-11-2018,angular,1,0,0.62.0.1
com.buession.security,buession-security-mcrypt,19-4-2020,security,5,1,1.1.2
info.folone,poi-scala_2.12,20-6-2019,scala,3,1,0.19
org.wso2.carbon.mediation,org.wso2.carbon.prometheus.publisher,30-7-2020,prometheus,49,0,4.7.60
com.liferay,com.liferay.site.navigation.menu.item.url,26-6-2020,url,17,0,3.0.6
kg.apc,jmeter-plugins-jmxmon,20-4-2020,plugin,3,0,0.3
nl.gohla,persistent-graph,5-2-2016,graph,1,0,0.1.0
de.julielab,julielab-bioportal-ontology-tools,6-6-2018,tools,5,1,1.0.4
io.earcam.instrumental,io.earcam.instrumental.compile,8-10-2018,io,1,3,0.1.0
com.geneea.celery,examples,30-5-2018,example,8,0,1.10.4
org.opendaylight.jsonrpc.bus,transport-zmq,10-8-2020,transport,20,3,1.8.2
org.jgrapes,org.jgrapes.webconsole.provider.jgwcvuecomponents,14-2-2020,provider,5,0,0.2.0
com.nortal.banklink,banklink-authentication,1-7-2018,authentication,2,0,2.1.15
com.github.carrot-vitamin,base,4-3-2020,github,12,1,1.1.3
im.mange,flakeless-scalatest_2.12,1-2-2019,scala,15,0,0.0.28
uk.co.josephearl.foundry,foundry-sample,28-8-2014,example,2,1,1.0.3
org.leapframework,leap-web,2-1-2020,web,24,4,0.7.13b
systems.manifold,manifold-yaml-rt,7-8-2020,yaml,11,4,2020.1.23
io.chymyst,chymyst-core_2.11,6-6-2017,io,3,1,0.2.0
io.verizon.helm,core_2.12,24-5-2018,io,3,2,4.0.0
rubygems,minitest,28-3-2015,ruby,1,1,5.4.1
org.commonjava.indy,indy-content-browse-client-java,6-7-2020,client,19,2,2.3.0
org.opendaylight.netconf,restconf-common-models,10-8-2020,model,20,2,1.11.2
de.psdev.licensesdialog,sample,23-7-2017,example,13,0,1.8.3
com.github.insanusmokrassar,TelegramBotAPI-js,12-5-2020,github,15,2,0.27.1
com.kakao.mango,mango-macro_2.10,3-2-2017,macro,1,2,0.5.0
io.openliberty,openliberty-microProfile3,30-7-2020,io,14,0,20.0.0.8
de.acosix.alfresco.utility,de.acosix.alfresco.utility.core.share,7-7-2020,cms,11,2,1.2.2
com.github.corner,lichen-project,15-4-2012,github,1,0,0.2
com.github.leandroborgesferreira,dag-command,7-8-2020,github,5,0,1.1.1
org.github.leshan,leshan-standalone,16-1-2015,github,8,0,0.1.9
eu.toolchain.ogt,tiny-ogt-databind-guava,15-8-2016,binding,1,0,0.1.0
org.kasource,qa-rules,11-2-2020,rules,7,2,0.7
net.corda,node-schemas,9-6-2017,schema,8,2,0.12.1
it.anyplace.sync,a-sync-relay,26-5-2017,sync,4,2,1.3
org.ow2.jonas,jonas-webservices-base,12-2-2009,webservice,9,3,5.1.0-M3
com.liferay,com.liferay.portal.profile.impl,26-6-2020,portal,22,0,4.0.3
com.github.tkrs,aerospiker-core_2.11,15-6-2017,github,3,1,0.5.1
in.cleartax.dropwizard,sharding-example,24-9-2019,example,14,0,0.2.198
com.criteo.cuttle,cron_2.12,14-4-2020,cron,42,0,0.11.5
de.digitalcollections.model,dc-model,30-6-2020,model,10,32,6.2.0
com.blogspot.geekabyte.krawkraw,krawler,27-12-2014,crawler,2,0,0.1.1
io.bfil,scalext_2.11,27-12-2017,io,1,2,0.4.0
com.github.pmanent,opensub4j,9-8-2018,github,1,0,0.1.4
com.github.scalaprops,scalaprops-scalazlaws_2.11,15-5-2018,github,35,1,0.5.5
com.github.anrwatchdog,anrwatchdog,6-3-2019,github,8,8,1.4.0
com.elpassion.android.commons,pager,31-7-2017,android,16,0,0.0.21
io.mraa.upm,upm_lsm303dlh,21-11-2018,io,5,0,1.7.1
org.objectquery,objectquery-orientdb,23-10-2014,orientdb,4,0,2.5.0
org.ow2.chameleon.fuchsia.base.philips-hue,philips-hue-sdk-core,23-9-2014,sdk,2,0,0.0.3
com.oracle.database.xml,xdb6,26-2-2020,xml,3,2,18.3.0.0
com.nerdvision,tests,24-4-2020,testing,5,0,1.2.0
com.tethys-json,tethys-circe_2.11,25-12-2019,json,1,0,0.11.0
com.sksamuel.elastic4s,elastic4s-jackson_2.13,22-7-2020,elastic,14,2,6.7.8
com.softwaremill.tapir,tapir-sttp-client_2.13,16-4-2020,client,18,2,0.11.11
com.idfy.eve,rftsdk,20-12-2018,android,3,0,0.1.2
com.github.myshzzx,mlib,24-9-2019,github,2,0,2.1
org.json4s,json4s_2.8.1,30-12-2012,json,2,0,3.1.0
com.g2forge.habitat,ha-metadata,23-7-2020,metadata,2,1,0.0.2
org.ow2.bonita,bonita-api-impl,14-9-2009,api,4,3,5.0.M2
com.daioware,math,19-12-2017,math,2,1,1.0.1-RELEASE
net.anwiba.commons,anwiba-commons-json,1-4-2019,json,15,6,1.0.185
com.liferay.webjars,com.liferay.webjars.lexicon,30-5-2019,web,45,0,1.0.30
com.snowplowanalytics,nsq-java-client,3-8-2020,client,7,0,1.3.0
com.logscale,logscale-event,29-12-2014,event,7,1,3.0.1
au.com.gridstone,grex-gson-converter,1-5-2015,json,3,0,3.0.0
org.sbuild,org.sbuild.plugins.mavendeploy,24-1-2014,plugin,1,0,0.1.0
za.co.absa.enceladus,examples,10-8-2020,example,15,0,2.11.0
com.versionone,VersionOne.SDK.Java.APIClient,27-5-2020,sdk,17,2,16.1.1
com.tinkerpop,gremlin-algorithm,19-1-2015,graph,7,2,3.0.0.M7
com.github.signalr4j,signalr4j,26-3-2019,github,6,1,2.0.4
de.charite.compbio,jannovar-filter,13-7-2020,filtering,18,0,0.35
com.weirddev,distlock-mongo_2.12,22-10-2018,mongodb,3,0,1.0.3
com.github.deaktator,pops-241_2.11,27-4-2016,github,2,0,0.0.2
io.chrisdavenport,mules-reload_2.12,10-2-2020,io,10,0,0.4.0
com.47deg,fetch-twitter_2.12,21-8-2018,twitter,4,0,0.7.3
org.http4k,http4k-contract,11-8-2020,http,373,2,3.256.1
org.lindbergframework.persistence.sqlmapping,lindbergframework-xmlsqlmapping,24-12-2011,persistence,1,1,1.0
com.lihaoyi,utest_sjs1.0.0-M2_2.11,26-12-2017,testing,1,63,0.6.3
org.http4s,parboiled_2.11,12-6-2019,http,4,1,2.0.1
no.steria.osgi.jsr330activator,jsr330activator.testbundle4,27-2-2018,osgi,1,2,1.1.0
org.togglz,togglz-hazelcast,27-7-2020,hazelcast,12,1,2.7.2
org.eclipse.rap,org.eclipse.rap.fileupload,17-6-2020,eclipse,28,1,3.13.0
com.bimbr,clisson-client,5-5-2012,client,5,0,0.3.0
com.liferay.webjars,com.liferay.webjars.metal-components,18-11-2016,web,12,0,2.3.1
com.github.cb372,scalacache-core_2.12.0-RC1,23-9-2016,github,1,5,0.9.2
com.liferay,com.liferay.project.templates.form.field,15-7-2020,forms,95,0,1.0.95
ru.shadam.gretty,gretty-filter,15-6-2016,filtering,2,0,1.3.0
com.atypon.wayf,wayf-client-java,25-4-2018,client,7,0,0.0.7
com.cinnober.msgcodec,msgcodec-json,22-7-2016,json,9,1,3.2.2
lt.tokenmill.crawling,crawling-framework,19-9-2017,framework,1,0,0.2.0
org.opendaylight.integration,artifact-artifacts,10-8-2020,integration,29,0,0.12.2
com.netflix.eureka,eureka2-client,8-5-2015,client,2,7,2.0.0-rc.2
com.iqarr.cache,zy-cache-utils,25-8-2017,cache,2,0,0.0.2
cocoon,cocoon-jfor,12-4-2006,web-framework,8,0,2.1.11
org.eclipse.dirigible,dirigible-core-indexing,25-6-2020,eclipse,35,5,5.0.0
io.mraa.upm,upm_l3gd20,21-11-2018,io,3,0,1.7.1
rs.ltt.jmap,jmap-common-interface,16-7-2020,interface,15,2,0.4.0
cc.kebei,webapp-boot,5-6-2019,webapp,1,0,1.1
org.kuali.kfs,kfs-module-endow,5-3-2012,module,1,1,4.1.1-5
io.cloudslang,hello-score,7-8-2020,io,128,0,0.3.164
ru.pocketbyte.hydra,hydra-log-watchosx86,1-12-2019,logging,1,0,1.0.2
org.wso2.carbon.commons,org.wso2.carbon.uuid.generator,19-6-2020,generator,8,2,4.7.32
com.github.jeffreyning,nh-logutil,6-8-2019,github,2,0,1.0.1-RELEASE
com.webcerebrium,binance-api,23-2-2018,api,7,0,1.0.9
org.opendaylight.neutron,features-aggregator,10-8-2020,aggregation,29,0,0.14.2
org.opencms,org.opencms.locale.cs,5-9-2019,cms,2,0,11.0.1
no.digipost,api-commons,6-6-2014,api,1,2,0.1
org.atnos,eff-macros_2.12,17-7-2020,macro,38,0,5.10.0
com.codepiex.droidlibx,droidlibx,21-3-2017,android,1,0,1.0.0
com.tourgeek.tour,com.tourgeek.tour.acctpay.report,24-1-2020,report,3,2,0.8.4
com.omnipasteapp.droidbugfreak,BugFreak,1-8-2013,android,1,0,1.0.0
net.ymate.framework,ymate-framework-addons,20-9-2019,framework,9,0,2.0.8
org.metaborg,pie.runtime,6-12-2018,runtime,5,3,0.3.0
com.dimafeng,neotypes-zio-stream_2.12,31-7-2020,streaming,10,0,0.15.0
com.tourgeek.tour,com.tourgeek.tour.message.process,24-1-2020,process,3,2,0.8.4
org.securegraph,securegraph-cli,15-4-2015,command-line,2,0,0.9.1
uk.nhs.ciao,ciao-configuration,26-2-2016,config,1,1,0.1
com.gitlab.marvinh,comparable,5-10-2019,git,1,1,1.0
com.io7m.jwhere,com.io7m.jwhere.gwhere,16-3-2019,io,1,2,0.6.0
com.payu.ratel,ratel-examples,5-10-2018,example,8,0,1.2.12
org.lyranthe.prometheus,fs2_2.12.0-RC1,16-10-2016,prometheus,4,0,0.3.0
org.arquillian.cube,arquillian-cube-docker-parent,16-10-2018,docker,47,0,1.18.2
com.uber.motif,motif-models,8-4-2020,model,19,2,0.3.3
org.papoose.osgi,OSGi_R4_v4.1_cmpn_root,27-8-2009,osgi,1,0,4.1.0.build-2...
com.github.sd4324530,fastexcel,22-9-2016,github,4,0,0.0.4
org.nutz,nutz-plugins-sfntly,24-2-2017,plugin,6,2,1.r.60
nanocontainer,nanocontainer-sample-nanoweb,6-12-2005,example,1,0,1.0-beta-1.pi...
com.io7m.jpita,io7m-jpita-core,31-7-2016,io,3,2,0.2.1
com.spoton,nats-android,17-5-2019,android,3,0,2.4.6
cn.wizzer.app,wk-model,1-8-2019,model,15,8,5.2.6
nz.ac.waikato.cms.weka,WekaODF,13-5-2012,machine-learning,2,0,1.0.4
org.minijax,minijax-archetypes,8-1-2020,archetype,53,0,0.4.17
com.gframework.boot,gframework-web-anti-brush,14-7-2020,web,1,1,1.0.0
com.dubture,composer-java-api-parent,13-4-2014,api,2,0,0.0.4
com.ksc.mission.base,interfaces,24-4-2020,interface,19,21,1.2.6.5
com.qaprosoft,carina-proxy,6-8-2020,proxy,138,3,6.4.39
com.xzixi,zookeeper,12-8-2019,zookeeper,1,0,1.0
org.restcomm.protocols.ss7.mtp,mtp-parent,3-8-2018,protocol,23,0,8.0.0-179
com.iiifi,kite-test,3-7-2020,testing,6,0,1.2.1.RELEASE
io.jenetics,jenetics.ext,23-6-2020,io,13,2,6.0.1
com.netflix.spectator,spectator-nflx-plugin,7-8-2020,plugin,120,3,0.114.0
com.github.julien-truffaut,monocle-law_sjs1_2.12,14-6-2020,github,7,3,2.1.0
org.aperteworkflow,jbpm-context,21-8-2015,bpm,7,2,3.2-RC1
com.liferay,com.liferay.meris.asset.category.demo,12-2-2020,example,10,0,1.0.9
com.iterable.pulsar4s,pulsar4s-spray-json_2.11,1-9-2019,json,10,0,2.4.0-M10
org.jeeplus,jeeplus-dashboard,10-9-2019,dashboard,11,0,4.3
com.github.kabal163,state-machine-parent,17-7-2020,github,4,0,0.3.0
com.lihaoyi,utest_sjs0.6_2.12.0-RC2,20-10-2016,testing,1,104,0.4.4
com.github.waikato,jeneric-cmdline,24-8-2017,github,6,1,0.0.6
net.serenity-bdd,serenity-archetypes,15-1-2020,archetype,21,0,2.0.81
org.seaborne.mantis,dboe-index,4-9-2017,index,2,2,0.3.0
de.adorsys.psd2,consent-management,31-7-2020,management,110,0,7.7
com.rnkrsoft.config,config,27-1-2019,config,2,2,1.0.1
org.geomesa.nifi,geomesa-nifi-controllers,8-6-2020,controller,2,0,2.4.1
com.github.takemikami,selica_2.11,1-2-2018,github,2,0,0.0.2
org.openbase.bco,registry.unit,8-5-2018,registry,32,0,1.6.8
com.tvd12,ezyfox-data,27-3-2020,data,4,1,1.1.2
com.github.ansell.pellet,pellet-modularity,25-11-2013,github,4,2,2.3.6-ansell
com.almende.eve,eve-protocol-jsonrpc,30-3-2015,protocol,2,2,3.1.1
com.puresoltechnologies.purifinity.server,server.ddl,17-3-2016,server,2,0,0.4.1
cd.go.plugin,gocd-package-material-plugin-shim,9-12-2016,plugin,1,0,16.12.0
io.streamthoughts,azkarra-worker,26-6-2020,io,8,0,0.7.4
com.github.felfert,sslutils,14-2-2018,github,1,0,1.0
io.mikesir87.javacors,javacors,10-9-2019,io,9,0,1.3.0
org.tinfour,TinfourGis,23-9-2019,geo,6,2,2.1.4
org.typelevel,catalysts-platform_2.13.0-M4,28-7-2018,platform,1,6,0.7
io.bootique.flyway,bootique-flyway-parent,5-8-2020,io,9,0,1.2
org.mule.modules,mule-module-db,27-4-2018,module,8,11,3.9.0
co.touchlab,kapture-annotations-linuxarm32hfp,4-3-2020,annotations,4,1,0.1.7
org.openurp.edu.base,openurp-edu-base-model,17-12-2015,model,5,18,0.0.6
com.nrinaudo,kantan.csv-enumeratum_sjs1_2.13,27-5-2020,csv,1,0,0.6.1
org.igniterealtime.openfire,i18n,7-12-2017,i18n,1,1,4.2.0
fr.vsct.tock,tock-bot-connector-businesschat,22-8-2019,connector,3,1,19.3.3
io.mraa.upm,upm_grovecollision,21-11-2018,io,10,0,1.7.1
org.metafacture,metafacture-framework,19-11-2019,framework,5,24,5.1.0
au.gov.amsa.risky,ihs-reader,5-7-2016,reader,6,1,0.5.9
com.sudoplatform,sudokeymanager,5-6-2020,android,3,0,3.4.2
com.semanticcms,semanticcms-sitemap-servlet,15-4-2019,servlet,6,2,1.7
fr.iscpif.gridscale.bundle,pbs_2.11,13-10-2017,bundle,28,0,1.100
com.walmartlabs.concord.plugins,msteams-task,5-8-2020,plugin,15,0,1.30.0
pl.touk.nussknacker,nussknacker-flink-api_2.12,7-8-2020,api,5,3,0.2.0
org.wso2.carbon.commons,org.wso2.carbon.um.ws.service.feature,23-2-2016,service,17,0,4.4.9
net.jahhan,dubbo-cluster,3-6-2018,cluster,1,1,1.0.0-RELEASE
org.opencastproject,opencast-urlsigning-service-impl,22-5-2020,service,11,0,8.4
com.beachape,enumeratum-play-json_2.11,1-8-2020,json,53,3,1.6.1
com.blogspot.mydailyjava,declarative-parser,22-11-2013,parser,1,0,0.1
io.buoyant,istio_2.11,13-7-2017,io,2,2,1.1.2
cn.afterturn,easypoi-web,12-5-2020,web,12,6,4.2.0
io.monadasync,monadasync-root_2.10,4-2-2016,io,1,0,0.1.0
com.centurylink.mdw.assets,dashboard,7-8-2020,dashboard,24,0,6.1.37
net.kyori,event-rx-2,16-8-2018,event,1,0,3.0.0
com.nrinaudo,kantan.codecs_sjs1_2.12,27-5-2020,codec,1,18,0.5.2
uk.ac.ox.it.ords,ords-security-common,12-4-2016,security,1,6,0.0.6
org.oiue.services,actions,15-7-2017,service,2,0,1.0.1
org.analogweb,analogweb-json4s_2.12,12-10-2019,json,3,0,0.12.0
de.sciss,soundprocesses-views_2.13,15-7-2020,view,22,8,3.35.8
org.ejml,ejml-experimental,7-4-2020,experimental,10,6,0.39
com.github.jjfidalgo,ninja-pebble,14-4-2016,github,4,0,0.2.2
jfree,jfreechart,4-4-2006,visualization,14,169,1.0.13
com.nerdvision,java-agent,9-7-2020,agent,4,0,2.0.4
com.pragmatickm,pragmatickm-contact-model,29-3-2020,model,4,6,1.5.0
br.com.damsete.arq,damsete-arq-email,16-12-2019,mail,12,0,0.0.12
org.spongepowered,configurate-bom,10-8-2020,bom,2,1,3.7.1
com.github.bloodshura,ignitium-assets,27-10-2019,github,3,6,0.2.0
com.github.benhutchison,microjson_2.12,7-5-2020,github,2,3,1.6
io.monix,monix-cats_2.12,22-1-2018,io,12,11,2.3.3
org.wso2.carbon.mediation,org.wso2.carbon.mediation.configadmin.stub,30-7-2020,stub,139,4,4.7.60
com.jwebmp,jwebmp-angular-sanitize,10-4-2019,angular,7,0,0.66.0.1
com.jsuereth,scala-arm_2.11,15-11-2016,scala,4,114,2.0
com.github.qiuxiaoj,ueditor,19-5-2017,github,1,0,1.1.1
io.mosip,commons,9-1-2020,io,1,0,1.0.6
com.thomsonreuters.upa.ansi,ansipage,26-6-2020,ansi,12,0,3.5.0.1
com.nrinaudo,kantan.regex-generic_2.10,3-7-2017,regexp,9,0,0.2.0
com.github.philcali,monido-app_2.8.1,3-11-2014,github,2,0,0.0.4
com.beachape,enumeratum-test_sjs1_2.11,17-5-2020,testing,1,4,1.6.1
io.laserdisc,laserdisc-core_2.13,7-6-2020,io,4,2,0.4.0
com.okworx.ilcd.validation.profiles,ILCD-1.1,16-6-2020,validation,1,1,1.8.3
com.netflix.iep,iep-launcher,7-7-2015,launcher,20,0,0.1.26
mt.edu.um.cs.rv,sample,18-9-2017,example,3,0,1.0.2
com.tencent.yunxiaowei.base,qrom-component-wup,26-12-2019,android,7,1,1.0.5
co.touchlab,karmok-library-tvosx64,27-7-2020,library,5,0,0.1.7-1.4.0-rc
com.github.eugenemedvediev,pathmatcher_2.11,2-3-2016,github,1,0,0.1
net.java.truevfs,truevfs-samples_2.12,25-10-2019,example,3,0,0.12.2
com.spruenker,elastic-feeder_2.11,8-11-2014,elastic,3,0,1.1.1
fr.inria.powerapi.formula,formula-mem-api,22-3-2013,api,1,1,1.5
com.structurizr,structurizr-adr-tools,7-6-2020,tools,9,1,1.3.6
org.scalameta,scalameta_sjs0.6_2.13,24-4-2020,scala,15,29,4.3.10
io.cartographer,atlas_2.12,6-3-2018,io,1,0,0.1.0
org.sonatype.sisu.inject,guice-plexus-converters,9-3-2015,dependency-injection,15,2,2.3.0
org.leadpony.joy,joy-yaml,26-4-2020,yaml,1,2,2.0.0-RC2
io.swaydb,core_2.12,9-8-2020,io,50,2,0.14.4
com.github.katlasik,functionmeta_2.12,28-5-2020,github,4,0,0.4.0
com.zuunr,json,12-6-2020,json,16,2,0.1.0.M17-014...
de.neuland-bfi,assertj-logging-logback,21-5-2020,logging,1,0,0.1
au.com.agiledigital,dao-slick_2.11,10-8-2017,dao,2,0,0.0.2
com.nrinaudo,kantan.csv-java8_2.10,9-8-2017,csv,6,0,0.2.1
com.io7m.junsigned,com.io7m.junsigned.ranges,7-12-2017,io,2,2,2.0.0
cc.fozone.struts2,StreamResultX,8-10-2014,web-framework,1,0,1.2
ai.ylyue,yue-library,6-8-2020,library,9,0,2.1.0
org.janusgraph,janusgraph-server,10-5-2020,server,9,2,0.5.2
net.smolok,smolok-bootstrap,22-11-2016,bootstrap,12,14,0.0.11
app.cash.contour,contour,19-5-2020,android,3,0,0.1.7
com.github.ChristianNHenriksen,KotlinJson,20-9-2016,github,1,0,1.0
com.github.droidpl,lfolding,23-1-2016,github,1,0,1.0
com.algolia,algoliasearch-offline-core-android,23-8-2018,android,10,1,1.2.2
uk.ac.ceh.components,vocab-rdf,3-12-2019,rdf,6,0,1.0.46
com.sdklite,io,28-12-2016,io,2,3,0.0.2
org.ancoron.glassfish.extender,org.ancoron.glassfish.extender.resources,16-7-2012,resource,3,0,1.1.0-rc1
me.soliveirajr,menta-queue,7-12-2012,queue,7,1,1.3.1
hr.aduro,materialstepper,12-12-2016,android,2,0,1.1
kr.pe.kwonnam.spymemcached-extra-transcoders,lz4-compress-transcoder,11-1-2016,compression,1,1,0.1
com.guigarage,extreme-ui,13-10-2014,ui,1,1,0.7
com.gitee.nuliing,rmq-api,5-4-2019,api,2,0,1.0.1
eu.l-space,lspace-client_sjs0.6_2.12,2-12-2019,client,45,3,0.7.0.1
org.openscoring,service,10-8-2014,service,5,1,1.1.5
io.circe,circe-numbers_sjs1.0-RC2_2.12,18-1-2020,io,3,1,0.13.0-RC1
com.borjaglez,springify-security,9-9-2019,security,6,1,0.2.2
org.spire-math,imp_2.11,7-3-2020,math,7,8,0.5.0
io.circe,circe-droste_sjs0.6_2.12,18-2-2020,io,2,0,0.2.0
org.jflux,org.jflux.modules.main,17-10-2016,module,16,0,0.2.5
de.lmu.ifi.dbs.elki,elki-bundle,11-2-2016,bundle,2,0,0.7.1
cn.chenzw.mybatis,mybatis-ext2,7-12-2019,persistence,1,0,1.0.0
com.github.zhangchunsheng,amap-java-common,22-5-2020,github,2,3,1.0.2
com.github.fomkin,simpleexample_2.12,5-1-2017,github,1,0,0.1.0
ch.swissbilling,client,28-6-2019,client,2,0,1.0.1
org.rhttpc,rhttpc-transport_2.12,26-3-2020,transport,3,5,0.8.4
cn.vertxup,zero-crud,7-3-2020,crud,4,1,0.5.2
com.github.tkrs,aerospiker_2.11,9-9-2015,github,1,0,0.3.0
org.typelevel,export-hook_2.11,15-1-2017,export,5,39,1.2.0
cn.stylefeng.roses,kernel-validator,23-7-2020,validation,35,1,2.2.13
org.realityforge.react4j,react4j-dom,7-8-2020,dom,173,5,0.175
org.opendaylight.bgpcep,topology-segment-routing,10-8-2020,routing,51,4,0.13.2
io.monix,minitest-laws_2.13.0-M3,17-2-2018,io,1,7,2.1.1
net.dreamlu,mica-launcher,27-3-2020,launcher,19,3,1.2.2
com.symphony.oss.models,pod-model,30-6-2020,model,30,1,0.7.0
org.visallo,visallo-web,25-12-2017,web,33,5,4.0.0
io.monkeypatch.kaval,kaval-reflect,21-5-2020,io,3,0,0.4.0
net.servicegrid,jp.go.nict.langrid.client,8-7-2015,client,8,8,1.0.7
com.librato.metrics,dropwizard-librato,11-6-2014,metrics,2,0,0.7.0.1
com.github.anno4j,anno4j-recommendation,29-8-2017,github,13,0,2.4
org.everit.authenticator,org.everit.authenticator.api,6-10-2015,api,1,5,1.0.0
org.opendaylight.nemo,odl-nemo-engine,11-12-2018,engine,14,2,1.4.4
org.zenframework.z8.dependencies,z8-dependencies-servlet,14-2-2018,servlet,1,0,2.0
org.craftercms,crafter-social-sui-alt,2-4-2018,social,25,1,3.0.10
com.dangdang,elastic-job-common-core,10-7-2017,elastic,10,5,2.1.5
org.hyperscala,hyperscala-bootstrap_2.11,21-12-2015,bootstrap,5,1,0.10.3
com.github.ideahut,sbms-shared,13-6-2019,github,5,0,2.0.2
com.github.vineey,rsql-querydsl-sort,20-5-2016,github,3,1,2.0.0.RELEASE
com.liumapp.datapay,sms-operator,6-8-2019,sms,8,0,v2.0.5
org.wso2.carbon,org.wso2.carbon.bridge,7-8-2020,bridge,31,2,4.6.1-m7
org.wso2.ei,wso2-streaming-integrator-tooling,23-7-2020,streaming,4,0,1.1.0-alpha
com.github.lafa.tikaNoExternal,tika-core,7-12-2019,github,16,11,1.0.17
com.joanzapata.tilesview,tilesview,15-10-2015,android,2,0,0.0.3
com.github.dabasan,dh3dbasis,26-5-2020,github,8,4,2.1.0
com.github.kittinunf.fuel,fuel,9-6-2020,github,1,13,2.2.3
com.alibaba,dubbo-dependencies-bom,27-7-2020,bom,9,0,2.6.9
com.vladmihalcea.flexy-pool,flexy-vibur,17-12-2019,pooling,17,0,2.2.1
org.typelevel,cats-macros_sjs0.6_2.12,25-2-2020,macro,32,26,2.1.1
org.kualigan.kfs,kfs-module-external,1-6-2012,module,7,1,4.1.1-11
com.ecfront,rpc,16-2-2015,rpc,12,0,1.0
com.jobjects,highlighter-client,6-7-2017,client,1,0,0.1.0
com.expedia.www,sample-span-decorator,24-6-2020,example,8,0,1.1.10
org.activiti,activiti-modeler,15-8-2019,bpm,21,6,5.23.0
io.7mind.izumi,idealingua-v1-transpilers_sjs0.6_2.12,13-5-2020,io,81,1,0.10.7
com.github.themrmilchmann.kraton,kraton,5-9-2017,github,1,1,0.1.1
org.javastack,properties-agent,17-8-2016,agent,1,0,1.0.0
org.opendaylight.l2switch.hosttracker,hosttracker-config,20-10-2016,config,16,2,0.3.4-Berylli...
org.dkpro.tc,dkpro-tc-api-features,16-3-2019,api,6,15,1.1.0
com.opkloud.kloudprints,default-networking-kp,24-2-2018,network,4,4,1.1.0
com.mgmtp.perfload,perfload-agent,14-7-2014,agent,2,0,1.3.0
com.jexbox.connector,jexbox-play,23-10-2014,connector,4,0,0.0.4
com.cognifide.slice-addon,slice-cq55-assembly,24-2-2014,assembly,2,0,1.0.1
cn.com.antcloud.api,antcloud-api-acccenter,21-10-2019,api,2,0,1.5.0
org.wamblee.glassfish,flexiblejdbcrealm-test,24-1-2019,testing,1,0,1.3
org.scalawag.timber,timber-examples_2.11,17-8-2015,example,1,0,0.5.0
org.iplass,iplass-infinispan,30-7-2020,cache,25,0,3.0.25
com.programmerare.shortest-paths,fork-of-edu.ufl.cise.bsmock.graph,2-5-2018,graph,1,1,1.0.0
io.vilt.minium,minium-cucumber-parent,27-2-2020,io,25,0,2.0.1
io.micronaut,micronaut-multitenancy,28-7-2020,io,48,2,2.0.1
io.macgyver.okrest,okrest,30-1-2016,io,3,2,1.4.0
org.wso2.carbon,org.wso2.carbon.ui.menu.general,7-8-2020,ui,32,0,4.6.1-m7
com.whisk,reactiverogue-record-dsl_2.11,18-2-2017,dsl,4,0,0.5.0.rc2
org.millarts,groovy-pluralize-en,26-8-2014,groovy,1,0,0.2.1
jp.pay,payjp-android-cardio,2-7-2020,android,13,0,1.2.2
io.jmnarloch,funava,24-10-2015,io,2,0,0.2.0
com.daml,daml-lf-transaction_2.12,5-8-2020,transaction,41,18,1.5.0-snapsho...
io.taig,flog-stackdriver_2.13,1-7-2020,io,25,0,0.6.12
org.ow2.joram,joram-jca-ra,9-7-2020,jca,22,0,5.17.2
com.github.javadev,verylargenumber,5-7-2015,github,1,0,1.0
com.github.kmizu,pegex_2.11,16-10-2019,github,3,0,1.0.1
no.nrk.shared,nrk-ietf-rfc7519-jwt-json,31-1-2018,json,1,0,0.0.4
org.springframework.flex,spring-flex-parent,13-8-2012,spring,3,0,1.5.2.RELEASE
io.prestodb.tempto,tempto-core,26-10-2018,io,8,6,1.50
co.wrisk.logback,logback-ext-sqs-appender,2-5-2017,logging,3,0,1.0.9
org.endpoints4s,xhr-client-faithful_sjs0.6_2.12,29-6-2020,client,1,0,1.0.0
it.unibo.tuprolog,parser-core,7-7-2020,parser,3,0,0.11.1
io.enoa,enoa-db-trydb,26-6-2019,io,3,0,1.7.2-rc
com.alibaba.blink,flink-shaded-hadoop3-uber,26-9-2019,hadoop,4,1,blink-3.7.0
com.github.hazendaz.npp,npp,9-8-2020,github,4,0,7.8.9
io.ratpack,ratpack-rocker,27-4-2020,io,19,0,1.8.0
org.bremersee,garmin-model,26-1-2020,model,3,1,1.0.2
com.ai-republic,microverse-rest,26-4-2016,rest,6,0,1.1.2
io.mraa.upm,upm_bh1750,21-11-2018,io,10,0,1.7.1
me.srodrigo,androidhintspinner,15-4-2015,android,1,0,1.0.0
io.geewit.oltu.oidc,gw-oltu-oidc,2-2-2020,io,7,0,1.0.6
com.faendir.asl,annotation,24-10-2018,annotations,2,1,1.0.1
com.github.yalinhuang,npm-semver,21-11-2019,github,2,0,1.1.2
com.opencredo,concourse-data,30-3-2016,data,1,2,0.1
net.java.truevfs,truevfs-samples_2.13,25-10-2019,example,2,0,0.12.2
com.47deg,github4s-cats-effect_sjs0.6_2.12,25-2-2019,github,13,1,0.20.1
org.wso2.carbon.mediation,mediation-connector,30-7-2020,connector,139,0,4.7.60
io.mantisrx,mantis-rxcontrol,2-4-2020,io,12,1,1.3.14
com.github.jeffersonzapata,project_2.12,1-3-2020,github,1,0,0.1.6
com.github.kompot,play2sec_2.10,29-11-2013,github,1,0,0.0.1
org.diirt.support,support-all,27-2-2018,support,2,0,3.1.7
org.blobit,blobit-cli,27-7-2020,command-line,4,1,0.4.0
org.ssssssss,magic-api,9-8-2020,api,8,1,0.3.4
com.3sidedcube.storm,content,29-10-2014,android,1,0,0.1a
com.jdersen.jcommandlib,jcommandlib-api,3-1-2016,api,1,0,1.0.1
com.github.japgolly.fork.boopickle,boopickle_2.12,7-6-2020,github,1,1,1.3.3
com.github.nifty-gui,nifty-pauls-soundsystem,27-12-2018,github,2,1,1.4.3
org.defne,defne-security,28-7-2010,security,1,2,1.0.1
com.fhs-opensource,fhs_file_admin,5-7-2019,admin,1,0,1.0.0
org.vdaas.vald,vald-client-java,3-8-2020,client,36,1,0.0.50
org.scriptella,scriptella-drivers,4-10-2019,driver,1,0,1.2
com.adobe.aam,shredder-core-guice,29-1-2019,dependency-injection,1,0,2.0.0
org.oiue.services,org.oiue.service.permission.verify,15-7-2017,service,2,0,1.0.1
com.martiansoftware,nailgun-server,3-12-2012,server,1,20,0.9.1
com.github.hirofumi,xgboost4j_2.11,19-8-2018,github,7,3,0.80-p1
com.io7m.smfj,io7m-smfj-blender,29-1-2017,io,11,0,0.9.0
net.exogeni.orca,tools,17-9-2018,tools,1,0,5.4.5
org.datavec,datavec-geo,14-5-2020,geo,11,2,1.0.0-beta7
io.get-coursier,coursier-util_sjs0.6_2.12,7-5-2020,io,27,3,2.0.0-RC6-15
net.vectorpublish,Image,3-8-2017,image,1,0,0.9.27
org.gjgr.pig,pig-chivalrous-image,14-5-2020,image,1,0,0.0.1.20200202G
com.gravity,gdk-scala_2.11,9-3-2017,scala,3,0,0.0.3
io.helidon.serviceconfiguration,helidon-serviceconfiguration-ucp,20-7-2020,io,13,3,2.0.0-M2
org.securegraph.examples,aggregations,15-4-2015,example,5,0,0.9.1
org.nanoframework,nano-jmx,19-9-2016,jmx,5,0,1.4.0
io.mosip.kernel,kernel-idgenerator-prid,6-2-2020,io,2,1,1.0.6
sk.tuke.yajco,yajco-prototype-modules,5-6-2014,module,2,0,0.5.9
dev.jlibra,jlibra-examples,15-12-2019,example,8,0,0.6.0
org.wso2.carbon.identity.userstore.onprem,identity-userstore-onprem,11-6-2019,identity,2,0,3.0.4
org.wso2.extension.siddhi.map.keyvalue,siddhi-map-keyvalue,20-10-2019,extension,23,9,2.0.0
org.openestate.is24,OpenEstate-IS24-REST-Core,9-12-2018,rest,1,4,0.5
com.github.christopheversieux,holoeverywhere-parent,27-10-2012,github,2,0,1.3.3
org.iq80.snappy,snappy,13-7-2015,compression,4,49,0.4
com.alibaba.jvm.sandbox,sandbox-agent,12-1-2020,agent,12,0,1.3.1
net.guerlab.smart.uploader,smart-uploader-web,1-7-2020,web,10,0,20.2.0
cz.gopay,gp-java-api-v3-parent,24-4-2020,api,12,0,3.4.8
io.annot8,annot8-implementations,24-10-2019,io,1,0,0.4.0
com.github.wheaties,autolift-cats_2.11,23-7-2017,github,3,0,0.7
me.mattstudios.utils,matts-framework,30-12-2019,framework,16,1,1.2.1-BETA
com.github.sanskrit-coders,quote-db,16-5-2017,github,1,0,1.0
com.sdl.dxa,dxa-r2-provider,25-7-2017,provider,2,2,2.0.0-CTP2
no.mnemonic.commons,container,24-4-2020,container,40,2,0.4.0
org.jsmart,rest-bdd-zerocode,6-7-2016,rest,2,0,1.1.1
de.otto,hmac-auth-common,6-3-2020,authentication,18,6,2.3.7
de.thewhiteshadow,expression,7-6-2019,expression,1,0,1.3
io.thill.kafkacap,kafkacap-multicast,24-10-2019,io,2,0,0.1.1
com.shamanland,xdroid,14-10-2015,android,26,0,0.3.0
com.sumitanantwar,android-multi-downloader,30-6-2017,android,1,0,0.1.1
com.tune.reporting,tune-reporting,21-4-2015,reporting,7,0,1.0.3
de.dentrassi.kura.addons,de.dentrassi.kura.addons.drools.ecj,27-1-2020,rule-engine,7,1,0.7.0
com.github.bezsias,compact-multimap_2.11,7-12-2017,github,19,0,1.0.0
com.applitools,eyes-connectivity-java-jersey1_17-sf2_51_0,31-8-2016,webservice,4,1,2.51
de.kaufhof.ets,ets-poms-aggregator,3-1-2019,aggregation,6,0,0.6.0
org.ow2.jonas,jonas-security-core,1-10-2013,security,6,11,5.3.0
com.github.gustavovitor,maker,18-7-2020,github,17,0,1.4.1
io.airlift,airlift,5-8-2020,io,135,0,0.199
com.github.kimffy24,ejoker-common,13-6-2020,github,2,3,2.2.3
com.qualinsight.plugins.sonarqube,qualinsight-plugins-sonarqube-smell,30-1-2017,plugin,11,0,4.0.0
com.github.benhutchison,gesture_sjs0.6_2.11,13-11-2016,github,3,0,0.3
com.linkedin.pegasus,r2,17-12-2019,linkedin,34,26,27.7.18
com.github.mpilquist,simulacrum_sjs0.6_2.13.0-M5,19-1-2019,github,2,29,0.15.0
com.ymock,ymock-client,26-2-2012,client,6,2,1.0.5
org.scalameta,tokenizers_sjs0.6_2.12,11-4-2019,scala,50,3,4.1.6
eu.toolchain.scribe,scribe-api,1-9-2016,api,2,9,0.2.0
net.liftmodules,fobo-highlightjs-api_2.6_2.9.1,4-10-2016,api,2,1,1.7
org.opendaylight.vtn,manager.northbound.integrationtest,30-7-2015,manager,7,0,0.2.4-Helium-SR4
io.ktor,ktor-utils-iosX64,24-12-2018,io,1,0,1.1.0
com.github.kondaurovdev,casbah_2.11,5-2-2017,github,1,0,0.1.1
site.morn.framework,morn-dependencies-core,24-7-2020,framework,2,1,1.2.1
org.wso2.carbon.mediation,org.wso2.carbon.mediator.switch.ui,30-7-2020,ui,138,1,4.7.60
com.plainflow.analytics.java,analytics,24-10-2017,analytics,1,3,2.0.0-p1
com.didiglobal.booster,booster-transform-asm,21-7-2020,bytecode,70,15,2.3.1
berkano,berkano-user-mgt-webwork,6-12-2005,management,18,0,20050901-2
org.bitbucket.swattu,lock-utils,10-8-2020,locking,41,1,4.1.16
io.snappydata,snappydata-zeppelin,3-9-2019,io,12,0,0.7.3.6
no.nav.helse,helse-streams,26-2-2019,streaming,1,0,f814029
com.eurodyn.qlack2.webdesktop.apps,qlack2-wdapps-user-management,18-6-2020,management,22,0,2.3.18
com.gu,cross-platform-navigation_2.11,21-12-2017,platform,1,0,1.0
se.unbound,tapestry-breadcrumbs,18-8-2012,web-framework,9,0,1.9
org.xipki.assembly,ocsp-war,9-8-2020,assembly,14,0,5.3.9
com.github.kolema-tech,sigma-summer,18-10-2019,github,2,0,1.0.8
com.47deg,freestyle-async-fs2_sjs0.6_2.11,2-5-2017,asynchronous,1,0,0.1.0
com.streamr.labs,streamr_spark,8-10-2019,spark,4,0,0.4.0
com.gitblit.fathom,fathom-security-windows,27-1-2017,security,17,0,1.0.1
com.redhat.rhevm.api,powershell-parent,21-11-2011,api,65,0,1.0-rc1.21
org.lockss,lockss-core-spring-parent-pom,3-4-2018,spring,5,0,1.3.1
com.madconch.running,uilibrary,19-5-2017,android,1,1,0.0.5
com.java-adventures.rsc,extended-echo-example,3-12-2013,example,1,0,1.1.0
me.lemire.integercompression,JavaFastPFOR,9-4-2018,compression,25,7,0.1.12
com.google.code.bali-java,bali,11-5-2014,google,3,1,1.1.2
org.swimos,swim-xml,1-4-2020,xml,6,2,3.10.2
com.m3,play-json-formats_2.10,19-11-2014,json,1,1,2.3
org.opendaylight.integration,distributions-virtualization,3-6-2014,integration,2,0,0.1.1
com.github.scalaprops,scalaprops-core_sjs0.6_2.13.0-M3,15-5-2018,github,3,3,0.5.5
com.gitlab.java-ebms-adapter,cpa,7-8-2019,git,1,0,3.0.0
org.deephacks.launcher,launcher,10-5-2014,launcher,1,2,0.1.0
de.adorsys.psd2,aspsp-profile-internal-api,31-7-2020,api,40,2,7.7
info.cukes,cucumber-openejb,9-11-2019,ejb,40,1,1.2.6
com.github.tcl-ec,tclsms,7-8-2019,github,2,0,1.1.0
ml.combust.bundle,bundle-ml_2.12,22-5-2020,bundle,3,2,0.16.0
net.contextfw,remoting,23-10-2010,remote,3,0,0.6.2
com.github.tminglei,slick-pg_jts_2.12,1-8-2020,github,24,0,0.19.2
com.propensive,rapture-dom_sjs0.6_2.10,27-4-2017,dom,7,3,2.0.0-M9
org.n52.sensorweb,52n-xml-sensorML-v101,12-5-2020,xml,8,11,2.7.0
edu.ucr.cs.bdlab,spark-operations,2-6-2019,spark,2,0,0.1.0-RC3
com.github.tommyettinger,gabber,9-11-2016,github,4,0,0.3
org.opendaylight.atrium,routingconfig-api,22-6-2017,api,5,6,0.0.5-Boron-SR4
org.codehaus.geb,geb,27-9-2010,codehaus,1,0,0.1
servicemix,servicemix-core,15-11-2005,esb,3,4,2.0.2
io.chrisdavenport,fuuid-doobie_2.12,4-6-2020,io,23,1,0.4.0
com.github.salat,salat-core_2.12,12-8-2017,github,2,6,1.11.2
com.premiumminds,pm-persistence-utils,5-2-2020,persistence,6,1,2.2
com.github.fdietze,vectory_2.11,3-1-2017,github,1,0,0.1.0
com.frugalmechanic,fm-html_2.10,24-11-2015,html,2,0,0.2.0
org.wicketstuff,googlecharts-parent,21-7-2020,wicket,132,0,9.0.1-M3
com.phloc,phloc-css-jdk5,23-5-2014,css,3,1,3.7.7
com.bendb.influx,embedded-influx,12-7-2019,embedded,4,2,0.2.0
com.belerweb,youku-api,6-4-2013,api,1,0,1.0.0
org.wso2.carbon.mediation,org.wso2.carbon.mediator.clazz.ui,30-7-2020,ui,138,1,4.7.60
com.walmartlabs.ollie,examples-parent,21-5-2019,example,5,0,0.0.31
org.orbisgis,orbisgis,30-1-2015,platform,1,0,5.0.1
com.allsparkcube,cube_client,26-2-2014,client,1,0,0.6
com.compstak,nomad-http4s_2.13,8-6-2020,http,1,0,3.0.0
org.gnieh,diffson-testkit_sjs1_2.12,22-7-2020,testing,1,3,4.0.3
org.wicketstuff,gmap3,12-9-2012,wicket,2,0,1.4.21
org.typelevel,export-hook_2.13.0-M5,1-11-2018,export,1,5,1.2.0
se.fortnox.reactivewizard,reactivewizard-client,22-6-2020,client,23,0,4.0.0
org.rundeck,rundeck-storage-conf,11-8-2020,storage,117,1,3.3.2-20200727
io.monix,minitest-laws_2.10,24-4-2019,io,24,10,2.4.0
com.xwzhou,commons-io,9-12-2016,io,1,1,0.0.1
org.graniteds,granite-server-toplink,18-11-2014,server,10,0,3.1.1.GA
com.imsweb,validation-edits-rqrs-translated,24-4-2019,validation,2,0,002-01
com.github.tkrs,agni-monix_2.12,2-6-2020,github,1,0,0.12.1
com.semanticcms,semanticcms-file-model,29-3-2020,model,11,6,1.4.6
com.github.dalet-oss,mongobee,11-6-2020,github,4,0,1.0.4
org.lyranthe.prometheus,fs2_sjs0.6_2.11,11-6-2017,prometheus,5,0,0.9.0-M1
org.arakhne.afc.gis,gis,12-11-2017,geo,1,0,14.0
de.adorsys.sts,sts-token,27-3-2020,token,66,4,1.0.4
io.inkstand,inkstand-parent,25-5-2015,io,2,0,0.1.3
com.tourapp.model,tourapp-model-reactor,14-6-2013,model,2,0,0.8.1
com.manorrock.piranha,piranha-jsp-jasper,13-11-2019,jsp,9,3,19.11.0
com.box,box-java-sdk,22-7-2020,sdk,68,5,2.50.0
com.vicrab,vicrab-android,25-10-2019,android,3,0,1.2.1
com.gitee.sunlu,zm-cloud-domain,6-7-2018,cloud,1,3,1.0.0
com.github.zhixiangyuan,boostpoi,8-12-2018,github,1,0,0.0.1
com.github.atdixon,vroom-parent,7-6-2017,github,4,0,0.3.13
com.github.munozy,partition-list,27-9-2018,github,1,0,0.0.1
top.zenyoung,zenyoung-security,12-8-2020,security,42,0,1.9.3
org.typelevel,jawn-json4s_2.10,6-1-2019,json,2,1,0.14.1
me.neavo,vitamio,24-4-2014,android,1,0,4.2.2
com.qcloud.oceanus,flink-compress,14-6-2020,compression,1,0,1.10.1
com.github.biopet,mergeotumaps_2.11,27-2-2018,github,1,1,0.1
io.higherkindness,droste-core_sjs0.6_2.12,15-11-2019,io,9,11,0.8.0
io.openliberty.features,spnego-1.0,30-7-2020,io,13,4,20.0.0.8
com.paritytrading.parity,parity-system,4-7-2016,system,2,0,0.5.0
com.github.rickyclarkson,monitorablefutures,9-9-2012,github,3,1,1.6
org.wso2.orbit.com.fasterxml.jackson.core,jackson-annotations,3-6-2020,annotations,1,0,2.11.0.wso2v1
com.gemserk.resources,resourcesmanager-core,21-9-2011,resource,1,1,0.1.0
com.yanzhenjie.recyclerview,x,19-3-2019,android,3,1,1.3.2
org.arquillian.universe,arquillian-warp-jsf,21-2-2020,jsf,25,0,1.5.0.0
org.wso2.am,org.wso2.carbon.apimgt.samples.sample1,14-2-2020,example,37,0,3.1.0-beta
com.webank.wedatasphere.linkis,linkis-hive-engine,12-2-2020,engine,3,1,0.9.3
com.github.foftware,jsont-core_2.12,15-5-2019,github,1,2,0.1.1
com.idealista,format-preserving-encryption,2-10-2017,cryptography,1,1,1.0.0
de.twentyeleven.skysail,skysail.server.graphs,8-1-2013,server,2,0,0.0.2
org.mapsforge,vtm-android-mvt,12-1-2020,android,2,0,0.13.0
net.guerlab.smart.wx,smart-wx-web,11-7-2020,web,24,0,20.2.1
com.mesosphere.cosmos,cosmos-jsonschema_2.11,16-5-2017,mesos,2,1,0.3.1
org.scalesxml,scales-jaxen_2.10.0-RC2,8-11-2012,xml,1,0,0.4.4
com.github.reactivesprint,rsjava,11-6-2016,github,7,1,0.3.1
ru.taskurotta,server,13-4-2015,server,2,3,0.8.1
com.foursquare,rogue-spindle_2.9.2,13-8-2015,foursquare,19,0,3.0.0-beta15
top.zrbcool,pepper-metrics-dubbo,24-8-2019,metrics,1,0,1.0.11
org.daisy.pipeline,updater,14-10-2019,pipeline,3,2,1.0.2
org.streampipes,streampipes-serializers,22-11-2019,serialization,8,7,0.65.0
io.chrisdavenport,cats-par_2.11,4-7-2019,io,7,6,0.3.0-M1
org.ow2.easywsdl,easywsdl-schema,20-7-2018,schema,12,10,2.7.0
org.culturegraph,metafacture-search,8-3-2017,search,4,0,4.2.0
com.github.fosin,cdp-utils,21-10-2018,github,2,3,1.0.0.RELEASE
com.criteo.cuttle,timeseries_2.11,14-4-2020,timeseries,90,0,0.11.5
org.fusesource.hawtdispatch,hawtdispatch-transport,27-7-2015,transport,17,11,1.22
net.gplatform,Sdk4J,20-9-2014,sdk,1,4,2.0
com.github.menacher,nadron,14-11-2013,github,7,0,0.7
org.opendaylight.bgpcep,features-graph,10-8-2020,graph,3,0,0.13.2
com.thoughtworks.dsl,keywords-flatmap_2.11,18-7-2020,dsl,149,1,1.5.3+18-bc55...
com.salesforce.sld4j,sld4j,30-7-2019,salesforce,3,0,1.1.1
com.github.triceo.robozonky.installer,robozonky-installer-app-3.2.0,14-4-2017,github,1,0,3.2.0
org.tpolecat,atto-compat-cats_sjs0.6_2.11,28-7-2017,compatibility,2,3,0.5.3
com.sun.grizzly,grizzly-grizzlet-webserver,15-8-2011,webserver,48,0,1.9.16
io.mosip.kernel,kernel-idvalidator-rid,6-2-2020,io,2,7,1.0.6
fr.inria.corese,compiler,10-1-2019,compiler,2,3,4.1.1
org.commonjava.qarqas,qarqas-test-harness,19-1-2013,testing,2,10,0.3
com.github.kyrotiko,vokiller,21-3-2019,github,2,0,1.0.1.release
com.thoughtworks.dsl,keywords-withfilter_sjs0.6_2.11,18-7-2020,dsl,150,1,1.5.3+18-bc55...
com.hack23.cia,model.external.val.riksdagsvalkrets.impl,18-4-2020,model,63,2,2020.4.19
com.koddi,geocoder_2.11,22-12-2017,geo,4,0,1.1.0
org.kravemir.svg.labels,svg-labels-tool,19-4-2019,svg,6,0,0.6.0
com.codetaco,cli,17-9-2019,command-line,16,1,6.10.4
org.nutz,nutzboot-starter-fastdfs,27-4-2020,starter,9,0,2.4.0.v20200427
com.ecwid.clickhouse,clickhouse-client,28-11-2019,client,10,0,0.0.10
com.github.caciocavallosilano,cacio-tta,6-10-2019,github,2,0,1.11
fr.velossity.osgi,SCRServiceProvider,23-2-2015,osgi,5,1,1.0.14
com.github.anno4j,anno4j-core,29-8-2017,github,18,3,2.4
se.vgregion.vgr-rp-theme,vgr-rp-theme-system,6-3-2012,system,2,0,1.1
com.bandwidth,async-sqs,1-6-2020,asynchronous,14,0,0.12.5
com.testdroid,testdroid-api,29-7-2020,api,86,2,2.103
org.wvlet.airframe,airframe-config_2.13.0-RC3,1-6-2019,config,2,1,19.6.0
site.morn.framework,morn-framework-notice,24-7-2020,framework,2,0,1.2.1
org.mule.patterns,mule-patterns-all,27-4-2018,pattern,23,3,3.9.0
com.gilt.jdbi-scala,jdbi-scala_2.9.1,18-10-2013,scala,1,0,0.2.0
co.touchlab,stately-collections-tvosx64,28-7-2020,collections,14,1,1.0.4-1.4.0-rc
com.github.sarunkurup3,DemoRepo,23-1-2019,github,1,0,1.0
com.github.trows,taskExecutor,7-4-2017,github,1,0,1.0
com.chrisnewland,jitwatch-ui,25-4-2017,ui,1,0,1.1.5
org.jfxvnc,jfxvnc-ui,8-2-2017,ui,4,1,1.2.0
gov.nist.math,jama,17-6-2013,math,4,101,1.0.3
me.tatarka.bindingcollectionadapter2,bindingcollectionadapter-ktx,8-3-2020,android,5,0,4.0.0
com.ksyun,ksc-sdk-java-cdn,3-8-2020,sdk,19,0,0.3.8
io.codekontor.mvnresolver,mvnresolver-parent,7-9-2019,io,1,0,1.0.0.RC1
org.juzu,juzu-vertx,20-2-2014,vertx,34,0,0.8.0-beta7
com.liferay,com.liferay.wysiwyg.web,25-6-2020,web,47,0,4.0.7
org.scalameta,inputs_2.11,11-4-2019,scala,69,8,4.1.6
com.storm-enroute,reactors-remote_2.11,22-9-2016,remote,2,1,0.6.1
net.petitviolet,generic-diff_2.13,11-6-2019,diff,1,0,0.6.0
com.applitools,eyes-connectivity-java-jersey2x,1-6-2017,webservice,9,1,2.57
com.github.japgolly.microlibs,name-fn_sjs1_2.13,28-4-2020,github,1,0,2.3
net.aequologica.neo,serioulizer-test-utils,4-4-2019,testing,3,0,0.1.3
com.github.tkrs,orcus-iota_2.12,16-3-2019,github,12,0,0.17.1
com.gitblit.fathom,fathom-metrics-graphite,27-1-2017,metrics,17,0,1.0.1
org.danekja,jdk-serializable-functional,31-5-2019,functional,7,7,1.9.0
org.randombits.support,support-confluence-project,23-10-2014,support,2,0,5.2.9
com.tkroman,puree-api_2.11,15-7-2019,api,4,1,0.0.11
io.klerch,alexa.utterances,9-8-2018,io,1,0,2.0.0
org.reduxkotlin,redux-kotlin-threadsafe-win,6-7-2020,kotlin,1,0,0.5.3
org.jeasy,easy-batch-univocity,14-7-2020,batch,2,0,6.1.0
dev.haven,java-retrofit-client,1-10-2019,client,1,0,1.0
com.isadounikau,phrase-client,20-7-2020,client,8,0,1.1.4
de.mklinger.qetcher,qetcher-client-nodeps,25-6-2020,client,37,4,2.0.41
com.shoprunner,jsonschema-baleen-generator,20-3-2020,generator,13,0,1.12.0
io.openliberty.features,mpOpenTracing-1.2,30-7-2020,io,21,5,20.0.0.8
com.github.ie3-institute,PowerSystemUtils,17-4-2020,github,2,1,1.3.1
org.wso2.carbon.analytics,org.wso2.carbon.databridge.feature,21-9-2017,analytics,63,2,2.0.79
com.github.wizonsoft.coteafs,coteafs-core,30-10-2016,github,2,0,0.1.118-beta
com.oakfusion,spring-cookie-session,18-6-2014,spring,1,0,1.0
com.tuenti.buttonmenu,sample,11-2-2015,example,4,0,1.0.9
com.tourgeek.tour,com.tourgeek.tour.genled.report,24-1-2020,report,3,1,0.8.4
com.liferay,com.liferay.my.subscriptions.web,26-6-2020,web,56,0,4.0.10
com.hortonworks.registries,storage-common,9-6-2020,storage,2,1,0.9.0
org.ow2.docdoku,docdoku-client,26-4-2013,client,1,0,1.1
io.smsc,smsc,27-2-2017,io,1,0,0.0.2
org.opendaylight.mdsal.model,odl-mdsal-model-rfc8342,24-7-2020,model,59,1,6.0.4
com.github.fayewon,LuckyExp,14-10-2019,github,3,0,1.0.2
org.wicketopia,wicketopia-validation,8-7-2013,validation,1,0,1.4
net.xp-framework,apidoc,9-1-2013,framework,2,0,5.8.10
org.nerd4j,nerd4j-test,5-1-2017,testing,2,1,1.1.0
com.github.styxco,messages,11-11-2018,github,3,0,1.0.2
com.github.smokestack,smokestack-common,20-3-2010,github,1,6,0.1
org.locationtech.geomesa,geomesa-stream-generic_2.11,26-6-2020,streaming,22,1,3.0.0
org.opendaylight.ttp,odl-ttp-model,11-5-2018,model,9,1,0.5.3
com.alibaba,log4j2-mtc-thread-context-map,11-7-2015,logging,2,0,1.0.1
com.nhl.bootique.mvc,bootique-mvc-parent,13-6-2016,mvc,3,0,0.3
im.plmnt,scalacheck-magnolia_2.13,8-4-2020,scala,6,0,1.2.0
io.vamp,common_2.11,24-5-2015,io,3,1,0.7.6.38
com.websudos,morpheus-testing_2.10,11-11-2014,testing,1,3,0.1.2
net.liftmodules,fobo-highlightjs-api_2.6_2.9.1-1,4-10-2016,api,2,1,1.7
com.lihaoyi,shell-2.11.4_2.11,16-5-2018,shell,1,0,1.0.5-25-b3b8...
me.giacoppo,remoteconfig,16-5-2018,android,10,0,1.1.5
io.arrow-kt,arrow-effects,31-12-2018,io,10,16,0.8.2
org.sonarsource.typescript,typescript,18-11-2019,sonar,13,0,2.1.0.4359
com.github.judoole,monitorino,11-12-2012,github,1,0,0.1
com.ctp.cdi.query,cdi-query-parent,21-1-2013,query,5,0,1.0.0.Alpha5
com.github.novamage,squeryl_2.10,4-3-2019,github,3,0,0.9.18
com.github.anshulbajpai,root_2.12,9-6-2018,github,1,0,0.3.0
org.eclipse.lsp4j,org.eclipse.lsp4j,29-2-2020,eclipse,23,34,0.9.0
one.empty3,empty3-library-3d,21-7-2020,library,8,3,2020.3.7
org.plotly-scala,plotly-core_2.12,27-4-2020,scala,18,3,0.7.6
io.codekontor.slizaa,slizaa-core-progressmonitor,8-11-2019,io,1,4,1.0.0.M3
com.documents4j,documents4j-aggregation,9-8-2020,aggregation,9,0,1.1.4
se.oyabun.criters.test,criters-test-eclipselink,6-9-2017,testing,2,0,1.0.1
com.github.cafapi.cipher,cipher-jasypt,23-10-2019,github,17,0,1.17.0-201
org.scalatestplus,mockito-3-2_2.12,13-5-2020,mock,6,32,3.3.0.0-SNAP2
com.icegreen,greenmail-spring,4-7-2020,spring,17,1,1.5.14
com.thoughtworks.inproctester,jerseytester-tests,24-11-2015,testing,6,0,1.1.1
com.carecon.fabric3,fabric3-binding-nats,6-12-2018,binding,1,1,3.1.0
com.blazemeter,jmeter-parallel,26-11-2018,parallel,7,0,0.9
com.github.muff1nman.chameleon,playlist-plp,19-10-2017,github,2,1,1.2.1-RELEASE
org.jbrew.native,native,21-4-2020,native,4,0,0.1.0-beta.6
ru.noties.spg,core,15-7-2019,android,6,0,1.1.0
com.github.vario,vario-file_2.9.2,29-1-2013,github,2,1,0.4.4
io.drinkwater,drinkwater,23-2-2017,io,4,0,0.0.10
com.sun.grizzly.samples,grizzly-samples,21-2-2017,example,121,0,2.0.0-RC1
io.andromeda,fragments-parent,30-10-2018,io,13,0,0.0.22
com.artemzin.rxui2,rxui,16-5-2017,android,1,2,2.0.0
com.att.ajsc,ajsc-surfsup-archetype,2-12-2016,archetype,1,0,1.0.0
org.defne,defne-jsf,28-7-2010,jsf,1,7,1.0.1
org.wso2.carbon.rules,org.wso2.carbon.application.deployer.rule.feature,5-12-2019,rules,7,0,4.5.7
com.github.shumy,rts-core,30-9-2016,github,1,0,0.3.0
com.clearlydecoded,rest-messenger,27-11-2018,rest,9,0,2.2.2
com.werdpressed.partisan,rundo,30-7-2015,android,1,0,0.2.1
org.xhtmlrenderer,flying-saucer-pdf-openpdf,10-1-2020,pdf,9,4,9.1.20
uy.kohesive.klutter,klutter-netflix-graph,1-7-2020,graph,17,0,3.0.0
org.cicomponents,cicomponents-github,28-7-2016,github,1,0,0.1.0
io.mth,unfiltered-cors_2.11,11-5-2015,io,1,0,0.3
top.zenyoung,zenyoung-service,12-8-2020,service,40,0,1.9.3
org.woelker.jimix,jimix-servlet,18-4-2018,servlet,10,4,2.2.0
org.sakaiproject.content,cloud-content-impl,2-6-2017,cloud,5,0,11.4
com.infonotary,intools,7-4-2017,android,9,0,0.10
com.isotrol.impe3,impe3-es-common-server,7-3-2016,server,10,4,3.1.1
net.stickycode.scheduled,sticky-scheduled-spring,1-11-2018,spring,1,0,5.1
co.abit.api,core-util,9-11-2018,api,1,1,1.0.0
com.gabrielittner.auto.value,auto-value-cursor-annotations,17-7-2020,annotations,12,3,2.0.1
xyz.ressor,ressor-http-source,5-1-2020,http,12,0,1.3.0
com.github.drinkjava2,gosqlgo,16-5-2019,github,3,0,1.2.0
net.dathoang.cqrs.commandbus,commandbus-spring-full,14-9-2019,spring,2,0,0.3.0
com.jaredrummler,fastscroll-recyclerview,17-2-2017,android,4,0,1.0.3
com.github.shynixn.workbench,workbench-bukkit-item,9-4-2020,github,6,1,0.0.19
sh.ory.oathkeeper,oathkeeper-client,25-5-2020,client,14,0,0.38.2-beta.1
org.jetbrains.xodus,xodus-tools,3-5-2020,tools,16,0,1.3.232
com.github.tommyettinger,regexodus,19-6-2018,github,8,2,0.1.10
ru.sbtqa.tag.parsers,parsers-core,19-1-2017,parser,1,0,1.0.2
com.thorstenmarx.modules,modules,10-6-2020,module,10,0,2.8.0
se.radley,play-plugins-salat_2.11,30-7-2014,plugin,1,0,1.5.0
org.arakhne.afc.ui,awt,12-6-2016,ui,3,2,13.0
com.io7m.jobj,io7m-jobj,22-11-2016,io,3,0,0.2.0
org.ow2.joram,joram-jca-ironjacamar,9-7-2020,jca,14,0,5.17.2
com.liferay,com.liferay.portal.compound.session.id,26-6-2020,portal,29,0,5.0.3
io.earcam.instrumental,io.earcam.instrumental.reflect,8-10-2018,io,1,12,0.1.0
com.github.chentianming11,retrofit-plus,25-2-2020,github,1,1,1.1.0
com.github.ontologyportal,sigma-component,2-2-2017,github,2,1,2.12
com.virtlink.commons,commons-configuration2-jackson,24-3-2020,config,12,5,0.10.0
com.sgcharts,spark-util_2.11,24-4-2019,spark,3,0,0.4.1
cornerstone-scheduler,cornerstone-scheduler-impl,20-9-2005,scheduling,2,0,2.1
org.hawkular,hawkular-end-to-end-tests,10-3-2016,testing,11,0,1.0.0.Alpha11
io.swaydb,monix_2.12,9-8-2020,io,28,0,0.14.4
com.helger.as2,as2-servlet,15-7-2020,servlet,2,2,4.6.1
com.puresoltechnologies.javafx,reactive,7-7-2020,reactive,12,2,0.10.0
org.openksavi.sponge,sponge-camel,31-7-2020,camel,31,2,1.16.1
design.hamu,bcrypt-effect_2.13,31-10-2019,cryptography,2,0,0.1.0
pl.rspective.pagerdatepicker,pagerdatepicker,18-8-2015,android,3,0,1.2.0
one.irradia.servicedirectory,one.irradia.servicedirectory.api,20-4-2019,api,1,2,0.0.1
de.julielab,jcore-ct-reader,13-5-2020,reader,2,0,2.5.0
io.suzaku,boopickle_sjs0.6_2.13,8-6-2020,io,2,14,1.3.3
org.wso2.appfactory,php-archetype,16-3-2015,archetype,1,1,2.1.0
org.cddcore,engine_2.10,19-12-2014,engine,46,7,2.1.5
com.greycellofp,DroidUIScrollView,18-8-2015,android,2,0,1.0.1
com.lahsivjar,gcp-storage-wagon,16-12-2019,storage,5,0,3.0
org.gvnix,org.gvnix.web.datatables,30-11-2015,web,8,1,2.0.0.M1
com.yubico.yubikit,mgmt,10-6-2020,android,7,0,1.0.0
org.wso2.carbon.analytics,analytics-core-feature,6-12-2019,analytics,66,0,1.4.3
org.typelevel,discipline-scalatest_2.13.0-RC2,24-5-2019,scala,1,7,0.12.0-M1
com.meschbach.psi,salutator-test,10-3-2011,testing,1,0,2.4
merlin-tutorial,locator-api,20-9-2005,api,1,0,1.0
com.github.mizool,mizool-core,28-4-2020,github,43,10,0.39
net.oschina.zcx7878,cicada.authorization,22-9-2017,authorization,11,0,1.0.1.0
com.arkondata,opentracing-effect_2.13,5-6-2020,tracing,1,3,0.2.0
org.jtrim2,jtrim-cache,24-2-2018,cache,7,2,2.0.3
net.vectorpublish,API,3-8-2017,api,2,10,0.9.27
org.mvc-spec.ozark.ext,ozark-thymeleaf,20-9-2018,mvc,2,0,1.0.0-m04
io.whitfin,dropwizard-environment-substitutor,23-10-2019,io,4,0,1.1.1
online.datanode.guardian,guardian-registry,7-2-2017,registry,1,0,1.0.1
org.wildfly.camel,wildfly-camel-itests-domain,2-7-2020,camel,4,0,12.0.0
com.yahoo.elide,elide-datastore-noop,31-7-2020,persistence,78,0,4.6.7
io.avaje,avaje-jsr305,13-3-2020,io,1,2,1.0
eu.miltema,cp-scan,7-5-2019,scanning,3,1,1.0.1
com.clovellytech,h4sm-features-client_sjs0.6_2.13,7-4-2020,client,6,0,0.0.43
se.l4.lect,lect-engine,23-7-2018,engine,2,2,0.2.0
com.github.earchitecture.reuse.datatable,reuse-datatable-thymeleaf,9-3-2017,github,2,0,0.1.2.0
com.jrummyapps,android-animations,17-11-2016,android,1,0,1.0.0
com.github.karasiq,proxychain_2.11,21-9-2015,github,1,0,1.5
org.opencypher,okapi-api,3-6-2019,api,33,7,1.0.0-beta7
me.escoffier.vertx,vertx-completable-future,10-5-2017,vertx,3,3,0.1.2
org.scanamo,scanamo-zio_2.12,23-1-2020,dynamodb,3,0,1.0.0-M12-1
org.opendaylight.l2switch.main,main-config,20-10-2016,config,16,2,0.3.4-Berylli...
io.symcpe.hendrix,hendrix-parent,1-11-2016,io,12,0,0.0.34
com.github.tminglei,slick-pg_jts_2.10.3,2-2-2014,github,1,0,0.5.0-beta2
com.surevine,ews-java-api,20-5-2019,api,15,0,2.15
com.gu,pan-domain-auth-play_2-8_2.12,7-8-2020,authentication,10,1,0.9.2
de.adorsys.psd2.sandbox,tpp-db-api,4-8-2020,api,3,1,4.4
org.mockwire,mockwire-guice3,9-3-2012,dependency-injection,3,0,2.2
com.talent-aio,talent-aio-server,28-3-2017,server,7,3,1.6.7.v201703...
com.jwebmp.jre10,jwebmp-bootstrap-dialog,23-9-2018,bootstrap,2,0,0.59.0.14
com.composum.sling.platform,composum-platform,23-7-2019,platform,2,0,1.0.3
com.github.rafalkucab,mondial,16-5-2015,github,1,0,0.0.1
io.cordite,dgl-cordapp,20-7-2020,io,29,5,0.5.1
com.github.hyukjinkwon.hcatalog,hive-webhcat,16-6-2018,github,1,1,1.2.1.spark2
net.sf.openas2,openas2-remote,29-9-2019,remote,16,0,2.10.0
com.imperva,ddc-service,28-10-2018,service,2,0,7.1.0.0.0.0
com.dell.doradus,doradus-server,21-9-2015,server,5,2,2.4.0
com.github.insanusmokrassar,AutoPostPollsRatingPlugin,8-1-2020,github,6,0,0.4.0
com.github.httl,httl-jfinal,16-8-2013,github,2,0,1.0.11
com.thoughtworks.dsl,domains-cats_2.13,22-11-2019,dsl,16,0,2.0.0+19-3a0e...
com.netflix.ndbench,ndbench-dax-plugins,10-4-2020,plugin,24,0,0.4.16
com.cesarferreira.pretender,pretender,9-7-2015,android,1,0,0.1.0
org.piax,piax-agent,5-2-2017,agent,1,0,3.1.0
dev.zio,zio-config-refined_2.12,4-8-2020,config,27,0,1.0.0-RC26
com.walinns.walinnsapi,walinnsapi,21-6-2018,android,3,0,1.0.8
com.github.japgolly.fork.shapeless,shapeless_2.11,6-1-2015,github,1,0,2.0.0
org.litote.kmongo,kmongo-data,10-7-2020,data,23,5,4.1.0
org.objectweb.jonas,jonas-jca,11-7-2007,jca,1,0,5.0-M1
com.nineoldandroids,library,25-6-2012,library,3,483,2.4.0
com.thoughtworks.dsl,keywords-shift_sjs0.6_2.13.0-M4,10-6-2019,dsl,67,9,1.3.1+10-8486...
im.ene.kohii,kohii,1-12-2019,android,12,0,1.0.0.2010004-B1
com.fmsirvent,parallaxeverywhere,21-3-2015,android,5,2,1.0.4
com.helger.web,ph-sitemap,15-7-2020,web,2,0,9.3.1
com.liferay.commerce,com.liferay.commerce.item.selector.api,29-5-2020,api,15,0,2.3.1
com.shamanland,xdroid-app-base,31-5-2015,android,10,2,0.2.6
com.github.flakm,inmemoryldap_2.12,12-11-2019,github,2,0,1.0.2
de.knutwalker,transducers-scala-rxscala_2.10,26-3-2016,scala,6,1,0.5.0
org.jboss.microcontainer,jboss-dependency,13-12-2013,jboss,33,43,2.2.0.M2
br.com.progolden,webapp-parent,22-9-2017,webapp,6,0,1.6
com.propensive,rapture-i18n_2.11,27-4-2017,i18n,10,2,2.0.0-M9
org.projectreactor,reactor-spring,17-3-2014,spring,2,11,1.0.1.RELEASE
net.s_mach,validate_2.11,15-6-2015,validation,1,1,1.0.0
com.glookast.commons,commons-capture-info-schemas,30-7-2018,schema,8,0,2.0.1
com.github.aishfenton,vegas_2.11,23-10-2016,github,10,2,0.3.4
com.yalantis,eqwaves,27-9-2016,android,2,0,1.0.1
sh.almond,test_2.13,5-8-2020,testing,14,1,0.10.5
com.github.hexx,gaeds_2.9.1,4-10-2012,github,2,0,0.2.0
com.michaelpollmeier,gremlin-scala,18-11-2013,scala,151,1,3.4.7.2
be.yildiz-games,common-shared,10-11-2017,gaming,13,7,3.0.0
io.cobweb,cobweb,24-11-2015,io,1,0,1.0
nz.ac.waikato.cms.weka,prefuseGraphViewer,31-8-2016,machine-learning,3,0,1.0.4
org.opengis.cite,ets-wms13,10-12-2019,geo,3,0,1.25
com.liferay.commerce,com.liferay.commerce.product.type.grouped.service,16-6-2020,service,35,0,1.0.35
org.streum,configrity-yaml_2.8.2,21-5-2012,yaml,1,0,0.10.2
org.bdgenomics.utils,utils-io_2.11,21-3-2017,io,14,4,0.2.13
com.github.cornerman,sloth_2.13,19-6-2020,github,2,1,0.3.0
com.github.cloveros,EasyApi,3-12-2018,github,7,0,1.1.5-beta
org.kill-bill.billing.plugin.java,payment-retries-plugin,31-10-2017,plugin,7,0,0.2.4
org.dataconservancy.packaging,package-ingest-test,26-5-2017,testing,1,2,1.0.0
com.samsaodev.daterangecalendarview,daterangecalendarview,13-6-2016,android,1,0,0.1
cn.webfuse,webfuse-starter,2-4-2020,starter,3,0,1.0.2
io.knotx,knotx-fragments-assembler,26-6-2020,io,7,0,2.2.1
org.staxnav,staxnav.docs.refguide,24-6-2011,doc,4,0,0.9.3
io.circe,circe-jackson_2.12,2-12-2016,io,3,1,0.7.0-M1
com.maqiangcgq,quincy-auth-sso,26-5-2020,authentication,3,0,1.1.1
org.locationtech.geomesa,geomesa-convert-text_2.11,26-6-2020,text,22,4,3.0.0
com.purgeteam,elasticjob-demo,12-10-2019,example,1,0,0.1.1.RELEASE
org.springframework.webflow,org.springframework.js,13-8-2012,spring,6,18,2.0.5.RELEASE
com.ardikars.pcap,pcap-tests,5-8-2020,testing,23,0,0.1.3
net.nan21.dnet,nan21.dnet.module.ad.domain,19-2-2013,module,5,37,1.0.6
com.github.hschneid,xfvrp,15-12-2017,github,1,0,11.0
org.shaneking,org.shaneking.codec,9-7-2020,codec,23,0,0.13.8
com.github.liuzhongkai,spider-boot-dubbo,22-10-2018,github,2,0,2.3.1-RELEASE
com.folio-sec,reladomo-scala-common_2.11,9-8-2018,scala,12,5,17.0.0
com.carecon.fabric3,fabric3-node-extensions,6-12-2018,extension,2,1,3.1.0
com.github.berry120.jopenlyrics,jopenlyrics,12-8-2019,github,1,0,2.0
org.uberfire,uberfire-social-activities-backend,12-6-2019,social,33,6,2.20.0.Final
tools.dynamia,tools.dynamia.navigation,16-5-2019,tools,2,3,3.6.1.Final
jakarta.annotation,ca-parent,14-2-2020,annotations,2,0,2.0.0-RC1
io.argonaut,argonaut-cats_sjs0.6_2.13.0-RC1,26-4-2019,io,1,2,6.2.3
org.fuin.esc,esc-spi,7-3-2020,interface,5,5,0.3.2
pl.fhframework.core.security.permission,permissionProvider-standalone,4-8-2020,security,12,0,4.6.10
io.mraa.upm,upm_ds1307,21-11-2018,io,10,0,1.7.1
at.newmedialab.ldpath,ldpath-api,15-2-2013,api,5,6,2.6.0
org.wvlet.airframe,airframe-launcher_2.13.0-RC2,21-5-2019,launcher,1,2,19.5.1
eu.timepit,refined-scalacheck_sjs1_2.13,16-7-2020,scala,3,6,0.9.15
net.stickycode.parent,sticky-parent-distribution8,28-8-2017,distribution,3,0,2.3
org.sonarsource.java,java,17-7-2020,sonar,64,0,6.6.0.22815
uk.bl.wa.discovery,digipres-tika,19-9-2018,discovery,5,1,3.0.0
org.wso2.bpel,ode-bpel-runtime,10-12-2018,runtime,11,7,1.3.5-wso4v18
com.avsystem.commons,commons-analyzer_2.12.0-RC2,25-10-2016,analyzer,1,0,1.18.6
io.focuspoints,focuspoints-bloomreach14-cms,6-5-2020,io,2,0,1.0.1
com.tourgeek.model,com.tourgeek.model.tour.product,24-1-2020,model,3,7,0.8.4
io.monix,monix-catnap_sjs1_2.13,4-6-2020,io,6,6,3.2.2+37-1a5b...
com.github.domala,domala_2.12,5-2-2018,github,9,1,0.1.0-beta.9
io.atomix.catalyst,catalyst-kryo,15-5-2017,io,14,0,1.2.1
com.newegg.marketplace,sdk-item,14-5-2019,sdk,3,1,1.0.0
com.syntaxphoenix.syntaxapi,service,26-7-2020,service,1,0,2.0.1
org.scalameta,tokenizers_2.12,11-4-2019,scala,54,3,4.1.6
com.mikepenz,typeicons-typeface,7-6-2019,android,6,1,2.0.7.5
com.watchrabbit,rabbit-scanner,24-5-2015,scanning,2,0,0.8.1
com.atlassian.amps,atlassian-amps-product-plugins,18-3-2015,plugin,1,0,5.0.18
org.opendaylight.vpnservice,fibmanager-api,20-10-2016,api,10,6,0.2.4-Berylli...
nl.vpro.media,media-i18n,24-2-2020,i18n,21,2,5.11.9
com.lihaoyi,shell-2.11.11_2.11,16-5-2018,shell,1,0,1.0.5-25-b3b8...
com.nrinaudo,kantan.regex-laws_sjs1_2.12,27-5-2020,regexp,1,7,0.5.2
de.adorsys.sts,sts-example,27-3-2020,example,66,0,1.0.4
ai.tock,tock-bot-orchestration,15-7-2020,orchestration,3,1,20.3.3
ai.grakn,grakn-test,13-12-2018,testing,17,0,1.4.3
com.devonfw,devonfw-bom,13-7-2019,bom,3,0,3.1.0
com.helger,phase4-cef-client,20-5-2020,client,2,0,0.9.16
com.typesafe,slick_2.10.0-RC3,23-11-2012,typesafe,1,2,0.11.2
net.qiujuer.genius,kit,29-6-2016,android,6,1,2.0.0-beta6
com.github.kucera-jan-cz.esBench,core,26-1-2016,github,1,1,0.0.3
org.json4s,json4s-core_2.13,3-8-2020,json,11,37,3.7.0-M6
net.open-esb.core,base,25-1-2016,esb,4,14,2.4.3
me.drakeet.multitype,multitype,16-3-2019,android,53,334,4.0.0-alpha3
uk.gov.nationalarchives,droid-export,1-5-2020,export,11,2,6.5
