groupID,artifactID,date,tags,numberUsages,maxUsage,latestVersion
com.github.weekendwars,authentication,24-6-2018,github authentication android,1,0,SNAPSHOT-0.0.1
org.wso2.carbon.identity,identity-agent-entitlement-filter,12-7-2016,agent filtering identity,2,0,5.1.1
io.github.plipp,openapi-differ,4-3-2020,github api io,1,0,1.0.0
org.hswebframework.web,hsweb-system-organizational-api,26-10-2019,system web api,11,3,3.0.10
org.scalaz,scalaz-zio-interop-scala7x_2.11,10-12-2018,scala scalaz functional,1,0,0.5.1
org.wso2.carbon.identity.server.api,org.wso2.carbon.identity.api.server.userstore.common,11-8-2020,server api identity,95,2,1.0.151
io.github.ngbinh,endpoints-play-server-playjson_2.12,15-10-2019,github server io,1,0,0.10.1+26-d14...
org.wso2.carbon.devicemgt-plugins,org.wso2.carbon.device.mgt.iot.androidsense.feature,8-5-2017,plugin management device,44,0,3.0.32
com.thoughtworks.deeplearning,plugins-products_2.12,24-5-2018,plugin machine-learning deep-learning,1,2,2.2.0-M1
org.scalaz,scalaz-iteratee_2.12.0-RC1,27-10-2016,scalaz scala functional,4,2,7.3.0-M5
org.wso2.carbon.identity.local.auth.requestpath.oauth,org.wso2.carbon.identity.application.authenticator.requestpath.oauth,2-3-2020,authentication identity oauth,4,1,5.3.0
com.commercetools.sdk.jvm.scala-add-ons,commercetools-scala-models_2.10,14-11-2016,sdk scala model,4,0,1.0.0
io.openliberty.features,com.ibm.websphere.appserver.jaxwsejb-2.2,30-7-2020,io ibm server,23,0,20.0.0.8
org.visallo,visallo-graph-property-worker-plugin-test,27-10-2017,plugin testing graph,22,4,2.2.14
io.joynr,inter-language-test,24-2-2016,testing language io,6,0,0.15.1
com.liferay,com.liferay.osgi.bundle.builder,30-5-2019,bundle builder osgi,4,0,2.1.1
io.bootique.cxf,bootique-cxf-jaxws-client,5-8-2020,webservice client io,2,0,1.2
net.sourceforge.javydreamercsw,H2-Driver,16-3-2014,driver netbeans module,1,3,0.1
de.adorsys.oauth,oauth-wildfly-support,5-12-2017,support authentication oauth,20,0,0.35
com.github.chhorz,oas-generator-schema,28-7-2020,github generator schema,7,0,0.2.0-RC.2
com.sprinthive.tiles,maven-release,2-11-2017,maven build build-system,2,0,0.2
com.github.grantneale,kafka-lag-based-assignor,1-7-2020,github kafka streaming,4,0,2.0.0
org.netbeans.external,org-eclipse-core-jobs,24-2-2020,eclipse ide netbeans,6,3,RELEASE113
com.linecorp.centraldogma,centraldogma-client-spring-boot-starter-shaded,9-11-2018,spring client starter,19,0,0.32.1
io.openliberty.features,jdbc-4.0,30-7-2020,jdbc sql io,23,8,20.0.0.8
org.scalaz,scalaz-zio-interop-future_2.13.0-M5,23-3-2019,scalaz scala functional,13,0,1.0-RC1
ai.djl.spring,djl-spring-boot-starter-mxnet-auto,20-5-2020,spring starter mxnet,2,1,0.5
no.nav.security,token-client-core,5-8-2020,security client token,8,1,1.3.0
de.dentrassi.eclipse.neoscada.hmi,org.eclipse.scada.da.ui.client.dataitem.details.extra,29-9-2016,eclipse ui client,1,0,0.2.0
directory-shared,apache-ldapber-provider,24-12-2005,provider apache directory,3,6,0.9.3
eu.agrosense.client,fleet-vehicle,6-7-2014,client netbeans module,4,0,14.06-beta
net.n2oapp.platform,n2o-platform-jaxrs,10-7-2020,platform rest jaxrs,24,0,4.0.1
io.argonaut,argonaut-scalaz_sjs1_2.12,1-5-2020,io scalaz scala,3,1,6.3.0
com.liferay,com.liferay.headless.batch.engine.api,26-6-2020,batch api engine,31,0,12.1.2
io.prestosql,presto-cassandra,8-8-2020,cassandra database io,41,0,340
org.wso2.carbon.commons,org.wso2.carbon.databridge.receiver.thrift,23-2-2016,protocol serialization thrift,17,2,4.4.9
io.webdevice.scenarios,cucumber-spring-boot-test,12-2-2020,testing spring io,1,0,0.0.13
au.id.tmm.probability,probability-core-apache-math_2.13,9-12-2019,math apache probability,2,1,0.2.1
org.codehaus.griffon,griffon-launcher-ant,11-1-2013,ant codehaus launcher,2,0,1.1.0
org.scala-js,scalajs-compiler_2.12.4,1-7-2020,compiler scala scalajs,29,1,1.1.1
com.hubrick.vertx,vertx-rest-client,12-7-2018,rest vertx client,23,1,3.0.0
com.bbossgroups.plugins,bboss-plugin-activemq,1-8-2020,plugin jms queue,47,0,5.7.6
org.eclipse.che.selenium,che-selenium-parent,6-8-2020,testing selenium eclipse,73,0,7.17.0
com.cenqua.clover,clover,31-3-2014,code-coverage coverage analysis,55,36,3.3.0
org.digidoc4j.dss,dss-certificate-validation-rest-client,3-12-2019,rest client validation,1,1,5.5.d4j.1
com.netflix.rx-aws-java-sdk,rx-aws-java-sdk-cognitosync,6-1-2016,amazon aws sdk,16,1,0.1.20
com.bytebybyte.gwt,leafletjs-lib,11-9-2014,gwt ui library,1,0,0.7.3
org.jboss.spec,jboss-javaee-web-8.0,1-7-2019,javaee web jboss,6,0,1.0.4.Final
com.shiftconnects.android.location,location-service,9-3-2015,location service android,2,0,1.4.1
org.eclipse.ditto,ditto-services-policies-common,20-7-2020,service eclipse policy,11,2,1.1.3
com.github.moduth,blockcanary-analyzer,25-8-2016,github analyzer android,1,1,1.3.0
net.csdn,serviceframework-jetty-9-server_2.11,8-4-2020,server webserver jetty,6,5,2.0.6
org.graylog.plugins,usage-statistics,26-1-2017,plugin stats logging,38,3,2.2.0-alpha.1
com.github.jobservice,job-service-db-client,3-4-2020,github service client,10,2,3.3.0-2
io.springfox,springfox-swagger-common,14-7-2020,io api swagger,24,8,3.0.0
net.liftmodules,fobo-angularjs-api_3.0_2.12,17-12-2016,angular angularjs api,1,1,1.7
net.caladesiframework,caladesi-neo4j_2.9.1,13-1-2013,neo4j database graph,2,0,0.3.1
org.scala-native,javalib_native0.1_2.11,22-2-2017,native library scala,1,7,0.1.0
org.codehaus.jtstand,jtstand-admin-ui,18-7-2015,admin ui codehaus,32,0,1.5.13
de.pro-vision.maven,de.pro-vision.maven.global-parent,14-4-2020,maven build build-system,28,0,37
com.github.dawn9117,rlock-spring-boot-starter,17-4-2020,github spring starter,9,1,1.1.0
org.camunda.bpm.extension.examples,camunda-bpm-reactor-examples-bpmn-execution-listener,6-6-2016,example bpm extension,2,0,1.2
io.brooklyn.example,brooklyn-example-simple-messaging-pubsub,31-3-2014,messaging io example,14,0,0.7.0-M1
io.fluidsonic.json,fluid-json-basic-metadata,30-7-2020,json metadata io,1,0,1.1.0
org.scalaz,scalaz_2.13.0-RC3,1-6-2019,scalaz scala functional,1,0,7.3.0-M30
com.qingzhuge.framework,qing-framework-security-web,24-6-2020,security framework web,2,2,1.0.1
edu.asu.diging,oauth-tokens,11-10-2019,token authentication oauth,1,0,0.4
com.appnexus.grafana-client,grafana-api-java-client,19-3-2018,monitoring client api,6,0,1.0.5
com.github.slack-scala-client,slack-scala-client_2.13,1-6-2020,github client scala,4,1,0.2.10
com.wu-man,orientdb-android-tools,6-11-2012,tools orientdb android,2,1,1.1.0.1
com.eworkcloud,ework-cloud-starter-mail,24-3-2020,cloud mail starter,109,0,2.2.1
com.alibaba.alink,alink_connectors_kafka_flink-1.9_2.11,31-7-2020,connector kafka streaming,4,0,1.2.0
org.oiue.services,org.oiue.service.sql.apache,15-7-2017,service sql apache,2,0,1.0.1
com.github.asne,asne-twitter,1-3-2016,github twitter android,8,0,0.3.3.3
org.jongo,jongo,14-3-2020,mongodb client nosql,11,23,1.4.1
io.sugo.android,sugo-android-x5-sdk,8-10-2019,sdk io android,2,0,1.1.0
com.societegenerale,rabbitmq-advanced-parent,27-8-2018,queue amqp rabbitmq,3,0,2.0.0.RELEASE
net.osgiliath.archetypes,net.osgiliath.archetype.business.blueprint,19-8-2015,business archetype maven,17,0,0.2.3
de.adorsys.oauth,oauth-saml-bridge,26-11-2015,bridge authentication oauth,1,0,0.10
io.openliberty.features,com.ibm.websphere.appserver.mpConfig1.4-cdi1.2,30-7-2020,io ibm server,5,0,20.0.0.8
com.erudika,para-dao-cassandra,25-1-2020,dao cassandra database,24,0,1.34.1
org.wso2.extension.siddhi.io.http,siddhi-io-http-parent,2-5-2019,io http extension,48,0,2.0.5
org.specs2,specs2-matcher_sjs0.6_2.13.0-M5,11-3-2019,matching specs testing,6,8,4.5.1
org.scala-lang.modules,scala-collection-compat_2.13.0-M4,17-5-2018,module scala compatibility,2,82,0.1.1
ws.unfiltered,unfiltered-jetty_2.13,4-7-2020,webserver server jetty,6,2,0.10.0-M9
com.brienwheeler.web,web-spring-security,27-7-2018,security spring web,12,0,1.11
org.netbeans.modules,org-netbeans-modules-java-hints,6-8-2020,module ide netbeans,9,5,RELEASE120-1
org.wso2.appserver.shade.org.opensaml,opensaml-soap-api-shaded,1-8-2016,soap api server,1,1,3.2.0.wso2v1-m3
com.liferay,com.liferay.dynamic.data.mapping.expression,15-7-2020,data mapping expression,68,2,5.0.7
org.springframework.integration,spring-integration-websocket,22-7-2020,integration websocket spring,86,2,5.3.2.RELEASE
org.gatein.pc,pc-test-servers-jboss7-run,17-3-2014,testing server jboss,20,0,2.5.1.Final
eu.agrosense.spi,machine,6-7-2014,interface netbeans module,4,1,14.06-beta
com.softwaremill.reactivekafka,reactive-kafka-core_2.11,12-5-2016,reactive kafka streaming,12,3,0.10.1
com.github.darkredz,zeko-data-mapper,5-4-2020,github mapping data,1,1,1.5.9
com.appspress.single-source-sdk,package-manager-component,29-10-2019,sdk manager android,1,1,1.0.0
com.projectdarkstar.tools.build,sgs-jar-resources-gpl,15-8-2011,tools build resource,3,0,1.2
org.bonitasoft.archetypes,bonita-connector-archetype,9-6-2020,archetype connector maven,2,0,1.1.0
org.skinny-framework,skinny-http-client_2.13.0-M5,6-3-2019,framework client http,2,1,3.0.2
org.springframework.xd,spring-xd-extension-twitter,10-2-2015,spring twitter extension,2,0,1.0.4.RELEASE
org.aperteworkflow.contrib,drools-script-processor,21-5-2012,rule-engine processor scripting,1,0,1.1.1
org.scala-js,scalajs-library_2.13.0-M5,5-4-2019,scala scalajs library,5,509,1.0.0-M7
nl.demon.shadowland.freedumbytes.maven.skins,setup,16-10-2017,maven build build-system,7,0,1.2
com.netflix.rx-aws-java-sdk,rx-aws-java-sdk-elasticloadbalancing,6-1-2016,amazon aws sdk,16,1,0.1.20
com.cognitect.aws,pinpoint-sms-voice,8-11-2019,amazon aws sms,6,0,770.2.568.0
org.mockito,mockito-scala-scalaz_2.13.0-RC3,10-6-2019,scala mock scalaz,6,0,1.5.8
com.metaversant,alfresco-mention-repo-docker,29-6-2020,cms docker repository,1,0,0.0.2
org.smartrplace.logging,fendodb-admin-api,2-1-2019,admin logging api,1,2,0.1.0
io.github.daviddenton,finagle-circuit_2.11,19-1-2017,github finagle io,8,0,5.0.1
org.springframework.data,spring-data-rest-parent,22-7-2020,rest data spring,108,0,3.3.3.RELEASE
org.eclipse.neoscada.core,org.eclipse.scada.da.datasource.movingaverage,26-10-2016,eclipse data datasource,1,0,0.3.0
org.ogema.tools,schedule-viewer-configuration-app,6-12-2019,tools config viewer,2,0,2.2.1
com.typesafe.play,play-openid_2.13.0-M3,12-10-2018,openid typesafe play-framework,4,0,2.7.0-M4
cc.co.scala-reactive,reactive-web_2.9.2,8-1-2013,reactive web scala,1,0,0.3.0
org.jboss.weld.osgi.examples.userdoc,weld-osgi-chapter3,12-10-2012,example jboss osgi,1,0,1.2.0.Beta1
tomcat,jkconfig,3-12-2005,webserver server tomcat,3,0,5.0.28
com.github.charleslzq,baidu-binding,13-6-2018,github binding android,4,0,1.0.2-RC1
io.openapitools.hal,swagger-hal,28-10-2017,io api swagger,1,3,1.0.4
net.osgiliath.framework,net.osgiliath.features.karaf-features-messaging,15-6-2015,messaging framework osgi,16,7,0.1.8
colt,colt,20-10-2010,match vector matrix,2,172,1.2.0
name.falgout.jeffrey.testing,annotation-processor-testing-tests,16-5-2018,testing annotations processor,1,2,0.2.0
org.imixs.application,imixs-workflow-jee-archetype,18-7-2010,workflow archetype maven,3,0,0.0.4
org.daisy.pipeline.modules,zedai-break-detection,3-4-2018,pipeline module analyzer,4,0,2.0.1
org.everit.jetty,org.everit.jetty.server.ecm,9-9-2019,server webserver jetty,6,0,4.0.0
org.apereo.cas,cas-server-support-reports,24-7-2020,support server report,106,5,6.3.0-RC1
org.nutz,nutz-integration-swagger,15-11-2017,integration api swagger,1,0,1.r.63
org.jbpm,jbpm-console-ng-human-tasks-forms,22-12-2016,bpm forms console,32,0,7.0.0.Beta5
com.andrelanouette.solr4j,solr4j-demo,22-8-2017,example search solr,3,0,1.0.2
org.seleniumhq.selenium,selenium-opera-driver,29-5-2020,testing selenium driver,35,12,4.0.0-alpha-6
io.helidon.config,helidon-config-test-infrastructure,20-7-2020,testing config io,37,4,2.0.1
org.sonatype.sisu,sisu-jetty8,9-3-2015,webserver server jetty,8,3,1.4.2
io.servicecomb.demo,b-client,10-7-2017,example client io,1,1,0.1.0
dk.tildeslash.xray,integration-test,3-3-2019,testing tracing integration,1,0,1.0
io.frees,frees-http-client_2.12,7-6-2018,client io http,18,0,0.8.2
com.whisk,docker-testkit-scalatest_2.13,8-8-2020,scala docker testing,3,14,0.10.0-beta9
cn.ocoop.framework,safe-spring-boot-starter,18-11-2019,spring framework starter,11,0,1.2.7
com.sksamuel.elastic4s,elastic4s-http-streams_2.12,22-7-2020,elastic streaming http,114,4,7.8.1
org.scalaz,scalaz-effect_sjs1.0.0-M2_2.10,3-12-2017,scalaz scala functional,1,2,7.2.17
com.github.tsingjyujing,geo-library-2.10,8-3-2018,github geo library,1,0,2.7
org.anyline,anyline-start-mvc-mysql,25-12-2019,mysql database mvc,5,0,8.3.6
ai.idylnlp,idylnlp-nlp-language-detection,10-6-2018,nlp language analyzer,2,0,1.1.0
me.soliveirajr,menta-bean,3-9-2016,beans relational mapping,18,1,2.2.4
io.tourniquet.junit,tourniquet-core,14-8-2016,testing junit io,10,10,0.4.8
org.wso2.samples.is,saml-query-profile-client,11-6-2020,example query client,5,0,4.3.3
org.eclipse.neoscada.core,org.eclipse.scada.hd.server.exporter.ngp,26-10-2016,server eclipse export,1,0,0.3.0
ru.kontur.extern-api,extern-api-java-sdk-httpclient-api,30-6-2020,http sdk api,7,2,1.7.6
com.github.adedayo.eclipse.sdk,ie.wombat.jbdiff,1-10-2015,github eclipse sdk,1,0,0.1.0
org.scalaz,scalaz-typelevel_2.10.0-RC3,23-11-2012,scalaz scala functional,1,3,7.0.0-M5
com.actionsky,txle-contract-grpc,29-11-2019,rpc grpc protocol,2,3,2.19.11.0
org.t-io,tio-flash-policy-server,7-8-2020,server io policy,60,1,3.6.2.v202008...
de.dentrassi.eclipse.neoscada.core,org.eclipse.scada.hd.server.storage.common,29-9-2016,server eclipse storage,1,5,0.1.0
br.com.thiagomoreira.liferay.plugins.markdown-display-app,markdown-display-portlet,30-9-2019,plugin portlet markdown,4,0,3.0.0
net.liftmodules,kafka-actors_3.1_2.12,29-10-2017,kafka streaming actor,1,0,0.1.0
org.scala-js,scalajs-dom_sjs0.6_2.13.0-M1,1-7-2017,scala scalajs dom,2,821,0.9.3
jp.co.tagbangers,jgroups-s3-client-ping,12-7-2018,aws s3 client,3,2,4.0.0
io.zipkin.brave,brave-bom,28-7-2020,bom tracing io,61,1,5.12.4
com.canoo.dolphin-platform,dolphin-platform-server-javaee,23-3-2018,server javaee platform,38,1,1.0.0.CR5
com.tngtech.archunit,archunit-junit5-api,23-5-2020,testing junit api,13,14,0.14.1
com.github.plokhotnyuk.jsoniter-scala,jsoniter-scala-core_2.11,20-7-2020,github scala json,144,9,2.6.0
io.github.jeqo,dropwizard-modules,17-10-2017,github module io,6,0,0.0.6
com.github.shepherdviolet.slate20,slate-http-client,25-2-2020,github client http,3,0,20.1.0
com.aamend.spark,archetype,30-1-2020,archetype spark maven,1,0,1.0
org.wso2.carbon.event-processing,org.wso2.carbon.event.output.adaptor.mysql,2-2-2015,event mysql database,1,0,2.0.1
com.guicedee.services,cache-annotations-ri-common,8-8-2020,service cache annotations,300,1,62
org.apereo.cas,cas-server-support-sms-clickatell,24-7-2020,support server sms,87,0,6.3.0-RC1
io.fares.junit.soapui,soapui-junit-mockrunner-tests,4-10-2016,testing junit io,2,2,0.0.3
org.wintersleep.graphviz,wintersleep-graphviz,1-5-2014,graph visualization graphviz,1,0,0.1
org.opendaylight.plugin2oc,distribution-karaf,19-3-2015,plugin distribution osgi,5,0,0.1.3-Helium-SR3
org.sentilo.agent,sentilo-agent-kafka,11-4-2019,agent kafka streaming,1,0,1.8.0
org.apereo.cas,cas-server-webapp-session-hazelcast,8-2-2020,server hazelcast webapp,69,0,5.3.15.1
io.github.dheid,roperty-generator,2-4-2017,github generator io,1,0,1.0
fr.psug.kafka,typesafe-kafka-streams_2.11,9-11-2017,kafka streaming typesafe,5,0,0.2.2
be.yildiz-games,common-git,6-12-2019,scm git gaming,6,2,1.0.5
org.wso2.carbon.analytics,data-bridge,21-9-2017,data bridge analytics,64,0,2.0.79
com.github.zhangquanli,fubei-pay-spring-boot-starter,24-10-2019,github spring starter,1,0,1.0.0
se.redmind,rmtest-selenium-server,22-5-2017,testing selenium server,19,0,2.8.3
org.locationtech.geowave,geowave-datastore-redis,5-3-2020,persistence redis database,3,4,1.1.0
cn.easyproject,easycommondao-jpa-hibernate3,21-12-2017,persistence jpa hibernate,5,0,1.5.1-RELEASE
com.github.xenoby,test-interface_native0.3.6-20-g0afae98f36_2.11,6-2-2018,github testing interface,1,10,0.3.6-20-g0af...
io.github.cloudify,spdf_2.10,12-11-2016,io github pdf,4,2,1.4.0
com.elpassion.android.commons,rxjava-test,31-7-2017,reactive testing android,7,0,0.0.21
org.wso2.carbon.business-process,org.wso2.carbon.application.mgt.bpel.feature,16-7-2020,business process management,122,0,4.5.35
org.ow2.jonas,jms-joram-client-plan,1-10-2013,jms queue client,3,4,5.3.0
com.elo7,cassandra-migration,19-2-2018,cassandra database migration,2,1,0.11
org.wso2.carbon.devicemgt,org.wso2.carbon.certificate.mgt.cert.admin.api.feature,30-10-2018,admin management api,381,0,3.1.51
com.github.ddth,ddth-lucext-cassandra,3-6-2019,github cassandra database,3,0,1.0.0
io.opentelemetry,opentelemetry-sdk-contrib-jaeger-remote-sampler,4-6-2020,sdk remote io,3,0,0.5.0
org.hspconsortium.bilirubin,hspc-bilirubin-app,7-3-2016,webapp web application,2,0,0.10
io.cloudsoft.jclouds.api,rackspace-cloudloadbalancers,13-6-2014,cloud io api,6,2,1.7.4-ea-broo...
org.duracloud,durastore,4-4-2020,webapp web application,53,1,6.2.0
com.github.tsouza.promises,rxjava-promises-bundle,8-5-2015,github reactive bundle,2,0,1.0.0
io.split.client,java-client-testing,15-7-2020,testing client io,64,0,3.3.4
com.liferay.poshi.runner.resources,portal-HEAD,27-11-2018,portal runner resource,1,0,2018112714515...
org.bkvm,bkvm,24-6-2020,webapp web application,2,1,1.2.0
io.motown.identification-authorization,identification-authorization-cir-plugin,16-5-2014,plugin authorization io,1,0,0.8.2
org.sonarsource.sonarqube,sonar-batch-protocol,8-3-2016,batch sonar protocol,8,3,5.4
io.github.libktx,ktx-actors,30-7-2020,github actor io,22,0,1.9.11-b1
es.cenobit.struts2.json,struts2-json-plugin,6-1-2014,plugin json web-framework,2,0,2.3.16
im.actor.server,actor-runtime,3-8-2016,actor server runtime,101,6,3.0.0
org.netbeans.modules,org-netbeans-modules-java-j2seembedded,6-8-2020,module ide netbeans,9,2,RELEASE120-1
org.deeplearning4j,deeplearning4j-examples,5-4-2014,example machine-learning deep-learning,4,0,0.0.3.1
io.github.luzzu,luzzu-communications,26-10-2018,github communication io,1,0,4.0.0
org.ow2.orchestra,orchestra-common-war,22-11-2012,webapp web application,18,2,4.9.1
com.github.fartherp,framework-filter,8-7-2019,github framework filtering,33,0,3.0.5
com.covisint.core,aspectj-bom,22-4-2015,bom aspect aop,1,0,1.8.0
io.payworks.labs.tcpmocker,tcp-mocker-app,7-4-2020,network tcp io,9,1,1.0.218.RELEASE
org.skinny-framework,skinny-twitter-controller_2.13.0-M5,6-3-2019,framework controller twitter,2,0,3.0.2
com.apitrary,apitrary-orm-annotations,10-2-2013,persistence orm annotations,1,2,0.1
ch.racic.selenium,selenium-driver-helper-phantomjs,18-4-2016,testing selenium driver,1,1,2.1.1
org.springframework.amqp,spring-amqp-parent,31-5-2012,queue amqp spring,3,0,1.1.1.RELEASE
com.github.hal4j,hal4j-spring-web,23-2-2020,github spring web,2,0,0.11.1
io.holunda.taskpool,camunda-bpm-taskpool-view-simple,24-3-2020,bpm io view,25,0,2.0.6
io.github.nicolasstucki,scala-rrb-vector_2.12.0-M3,10-11-2015,github scala io,1,0,0.1.1
com.github.calimero,import-ets4-xml,3-12-2016,github import xml,4,0,2.3
io.gravitee.plugin,gravitee-plugin-repository,17-7-2020,plugin repository io,2,0,1.13.0
com.eztier,hl7-cassandra-adapter-scala_2.12,28-2-2019,cassandra database scala,6,0,0.3.13
com.ionic.cloudstorage,machina-tools-azure-storage,23-3-2020,azure tools storage,1,0,1.1.0
io.codegen.wi.suwiml,wi-suwiml-stax-uwvdossierinkomsten-v0500,18-1-2020,xml streaming io,6,0,0.0.6
com.intuit.wasabi,wasabi-swagger-ui,19-6-2019,ui api swagger,43,0,1.0.201906190...
com.liferay,com.liferay.portal.security.sso.openid,11-4-2020,security portal openid,31,2,4.0.13
io.7mind.izumi,idealingua-v1-runtime-rpc-c-sharp_2.13,16-9-2019,io rpc runtime,17,2,0.9.5-M5
com.uphyca,android-junit4-parent,6-7-2014,testing junit android,2,0,0.5
com.github.detro,phantomjsdriver,7-5-2014,github browser automation,1,64,1.2.0
com.github.tianjing,tgtools.notify.amqp,16-4-2019,github queue amqp,7,0,2.1.0
org.jupyter-scala,flink-yarn_2.11,9-5-2017,yarn hadoop scala,9,0,0.4.2
com.github.mengxianun,air-data-result-pdf,28-1-2019,github pdf data,3,0,1.0.3
com.dominikcebula.hadoop.ftp,hdfs-ftp,12-5-2017,network ftp hadoop,2,0,1.1
com.github.luues,spring-boot-starter-pom,7-7-2020,github spring starter,7,12,1.2.9.2.RELEASE
org.reactivemongo,reactivemongo_2.10,9-6-2020,mongodb client nosql,84,17,0.20.11
de.dentrassi.eclipse.neoscada.core,org.eclipse.scada.ae.server.exporter.ngp,29-9-2016,server eclipse export,1,0,0.3.0
org.scala-js,scalajs-compiler_2.13.3,1-7-2020,compiler scala scalajs,5,0,1.1.1
org.specs2,specs2-form_sjs1_2.13,3-8-2020,forms specs testing,9,1,4.10.2-7d89a6...
com.alibaba.blink,flink-connector-kafka-0.8_2.11,13-6-2020,kafka streaming connector,10,0,blink-3.7.0
com.github.manuelpeinado.fadingactionbar-native,sample,29-5-2013,github native example,3,0,2.0.1
io.ibrett.example,ossrh-test2,9-6-2020,testing io example,1,0,0.0.1
org.xwiki.rendering,xwiki-rendering-syntax-event,31-7-2020,event syntax render,279,22,12.6
com.lightbend.lagom,lagom-log4j2_2.11,5-12-2019,lightbend logging microservices,52,0,1.5.5
org.isuper,isuper.oauth.client.core,6-1-2017,client authentication oauth,7,2,0.4.3
org.ow2.jonas.admin,jonasadmin-kerneos-modules-webservices,23-10-2012,admin webservice module,7,0,1.0.9
io.ktor,ktor-client-serialization-watchosx86,10-8-2020,serialization client io,5,1,1.3.2-1.4.0-rc
com.netflix.governator,governator-jetty,4-12-2019,webserver server jetty,74,2,1.17.10
com.github.docker-java,docker-java-api,25-6-2020,github docker api,12,6,3.2.5
com.github.cb372,scalacache-redis_2.12.0-RC1,23-9-2016,github redis database,1,0,0.9.2
com.github.gekoh.yagen,yagen-generator-lib,4-6-2020,github generator library,62,1,5.5
org.eclipse.birt.runtime,org.eclipse.core.expressions,21-9-2015,eclipse expression runtime,6,1,3.5.0.v201504...
com.github.adedayo.eclipse.sdk,org.eclipse.equinox.weaving.caching,1-10-2015,github eclipse sdk,1,0,1.0.400
org.activiti,spring-boot-starter-actuator,18-12-2014,bpm spring starter,1,1,5.17.0
dev.profunktor,redis4cats-streams_2.12,7-7-2020,streaming redis database,19,1,0.10.2
com.github.dejv78.commons.config,config-json,15-4-2015,github json config,1,0,1.1.0
de.dentrassi.eclipse.neoscada.core,org.eclipse.scada.da.server.common.io,29-9-2016,server eclipse io,1,3,0.3.0
edu.cmu.sei.ams.cloudlet,client-lib-android,4-4-2018,library client android,8,0,3.0.1
io.7mind.izumi,distage-extension-config_2.13,5-8-2020,config io extension,46,6,0.10.17
com.punchthrough.bean.sdk,sdk,29-8-2016,beans sdk android,8,0,2.1.1
org.eclipse.dirigible,dirigible-ide-service-generation,25-6-2020,eclipse ide service,28,3,5.0.0
org.openksavi.sponge,sponge-remote-api-tools,31-7-2020,tools remote api,2,0,1.16.1
org.ovirt.engine.api,model,30-6-2020,model api engine,171,0,4.4.17
org.scalaz,scalaz-iteratee_2.12.0-M5,9-9-2016,scalaz scala functional,8,5,7.3.0-M5
com.github.mstream-trader,commons-test-functional-tests,4-12-2016,github testing functional,5,0,1.14
io.xream.x7,x7-spring-boot-starter,9-7-2020,spring io starter,11,1,2.3.10.RELEASE
org.eclipse.neoscada.ide,org.eclipse.scada.configuration.modbus.edit,26-10-2016,eclipse ide config,1,0,0.2.0
io.gs2,gs2-java-sdk-gateway,2-8-2019,sdk gateway io,1,0,2.0.0
com.github.yelong0216,yelong-model-support,21-3-2020,github support model,2,0,1.0.1
io.restx,restx-jongo-specs-tests,4-5-2018,testing io specs,24,1,0.35.1
com.innoventsolutions.birt.runtime,org.eclipse.core.resources_3.13.0.v20180512-1138,31-8-2018,eclipse resource runtime,1,1,4.8.0
com.oracle.oci.sdk,oci-hdfs-connector,2-6-2020,sdk connector hadoop,7,1,2.9.2.7
org.codehaus.griffon.plugins,griffon-mail-plugin,5-9-2017,plugin mail codehaus,1,0,1.0.0
activemq,activemq-container,22-11-2005,jms queue container,16,1,3.2-M1
com.devonfw.tools.ide,devonfw-ide-doc,28-7-2020,tools ide doc,8,0,2020.04.004
org.scalaz,scalaz-iteratee_sjs1.0.0-M8_2.11,14-10-2019,scalaz scala functional,1,1,7.2.29
io.gitlab.arturbosch.detekt,detekt-watch-service,8-9-2018,git service io,6,0,1.0.0-gradle-...
org.eclipse.keyple,keyple-java-plugin-stub,24-6-2020,plugin eclipse stub,3,1,0.9.0-alpha-1
com.nrinaudo,kantan.csv-scalaz_sjs0.6_2.12,23-10-2019,csv scalaz scala,4,0,0.6.0
io.nosqlbench,driver-web,10-8-2020,web driver io,53,1,3.12.140
au.com.agiledigital,play-rest-support-testkit_2.11,19-1-2018,support rest testing,3,0,0.0.3
io.opencensus,opencensus-exporter-trace-jaeger,18-3-2020,tracing export io,21,3,0.26.0
com.playtika.testcontainers,embedded-mysql,6-8-2020,embedded mysql database,18,0,1.80
com.github.jensborch.webhooks4j,webhook4j-mongodb-subscriber,8-6-2020,github mongodb database,5,0,0.6.4
org.wso2.carbon.metrics,org.wso2.carbon.metrics.jdbc.core.feature,9-7-2020,jdbc sql metrics,6,10,2.3.13
com.github.insanusmokrassar,HtmlParser,15-3-2018,github parser html,1,0,0.3
de.dentrassi.eclipse.neoscada.hmi,org.eclipse.scada.sec.ui.providers.pkcs12,29-9-2016,provider eclipse ui,1,0,0.2.0
org.odpi.egeria,security-sync-connectors,3-8-2020,security connector sync,13,0,2.1
io.github.msdk,msdk-search,24-11-2015,github io search,1,0,0.0.1
it.uniroma2.art.semanticturkey,st-voidlime-dataset-metadata-exporter,29-7-2020,export dataset metadata,1,0,8.0
org.scala-js,scalajs-js-envs-test-kit_2.12.0-RC1,13-10-2016,testing scala scalajs,2,0,0.6.13
com.elastisys,autoscaler.metricstreamers.influxdb,8-5-2019,autoscaling metrics influxdb,1,2,5.2.2
org.molgenis,molgenis-data-mysql,31-10-2016,data mysql database,44,5,1.21.5
io.wcm,io.wcm.testing.logging.logback,30-1-2020,logging testing io,1,0,1.0.0
org.picketlink,sales-sig,24-7-2018,webapp web application,17,0,2.0.3.Final
de.triology.test-data-loader,test-data-loader,11-1-2018,testing loader data,1,0,1.0.0
org.hawkular.metrics,hawkular-metrics-rest-tests,24-8-2015,rest testing metrics,7,1,0.6.0.Final
org.geomesa.nifi,geomesa-nifi-processors-hbase,7-11-2019,processor hbase database,13,1,2.3.2
com.pig4cloud.spring.boot,mybatis-spring-boot,3-11-2019,spring persistence cloud,2,0,0.1.1
org.scalaz,scalaz-zio-interop-scalaz7x_2.13.0-M5,23-3-2019,scalaz scala functional,13,0,1.0-RC1
org.leapframework,archetype-webapi,19-6-2017,archetype api maven,1,0,0.6.2b
com.github.chris2018998,spring-boot-starter-beecp,8-8-2020,github spring starter,8,0,1.3.4.RELEASE
com.github.bpg,fit-stream-reader-core_sjs0.6_2.13,13-6-2020,github reader streaming,1,0,0.0.2
org.wso2.carbon.identity.agent.sso.java,org.wso2.carbon.identity.sso.agent.server.feature,11-8-2020,server agent identity,24,0,5.5.1
de.agilecoders.wicket,wicket-bootstrap-extensions,27-7-2020,extension wicket bootstrap,88,11,5.0.0
it.tidalwave.netbeans,it-tidalwave-netbeans-examples-nodes-example3,13-10-2012,example ide netbeans,9,0,1.0.8
org.jboss.gwt.elemento,elemento-testsuite,27-11-2019,gwt ui jboss,8,0,0.9.6
io.tourniquet.junit,parent,14-8-2016,io testing junit,10,0,0.4.8
com.oblac,repo-url-parser,11-3-2018,url parser repository,3,0,1.0.2
com.github.spartatech,spring-web-utils,22-9-2015,github spring web,3,0,1.3.1
com.github.h0ru5.gwt,vizgwt-parent,1-1-2014,github gwt ui,1,0,1.0-alpha
in.virit,viritin-vaadin-flow-archetypes-parent,22-2-2019,web-framework gwt archetype,2,0,1.1
com.aspectran,aspectran-with-jetty,30-7-2020,webserver server jetty,130,4,6.9.4
org.clojure,java.jdbc,25-12-2019,clojure jdbc sql,70,67,0.7.11
com.github.bentorfs,ai-algorithms,18-3-2014,github machine-learning ai,2,0,0.2.0
io.helidon.config,helidon-config-object-mapping,20-7-2020,mapping config io,28,6,2.0.1
com.facebook.testing.screenshot,core,13-7-2020,testing facebook android,19,3,0.13.0
org.wso2.carbon.devicemgt,org.wso2.carbon.device.mgt.server.feature,30-10-2018,server management device,393,3,3.1.51
org.scala-js,scalajs-dom_sjs0.6_2.13.0-RC3,29-5-2019,scala scalajs dom,1,66,0.9.7
ae.teletronics.solr,solr-plugins,23-5-2018,plugin search solr,3,0,0.3
io.github.scalan,library-impl_2.12,24-10-2019,github library io,2,1,0.7.0-RC4
com.typesafe.play,play-ws-standalone-xml_2.13,12-12-2019,xml typesafe play-framework,15,2,2.1.2
io.github.Feiyizhan,enhanced.mybaits.generator,29-8-2019,github generator io,4,0,1.0.3
com.episode6.hackit.android.inject,context-annotations,21-6-2017,annotations dependency-injection android,3,1,0.0.3
org.modeshape,modeshape-web-cmis-war,18-4-2017,web webapp application,38,0,5.4.1.Final
org.unittested,cassandra-test-project,18-6-2016,testing cassandra database,4,0,1.0.3
io.github.nibiruos.afip,ar.com.system.afip,22-5-2019,github system io,2,2,1.1.1
de.adorsys.psd2,event-service-persist-log-impl,31-7-2020,event service logging,58,0,7.7
com.github.pagehelper,pagehelper-spring-boot-starter,26-7-2020,github spring starter,22,33,1.3.0
com.vmware.photon.controller,photon-aws-adapter,1-5-2018,amazon aws controller,106,1,0.6.60
com.ksc.mission.base,maven,24-4-2020,maven build build-system,16,0,1.2.6.5
com.sdl.delivery,udp-adf-client,28-7-2020,client network udp,8,7,11.1.0-1056
org.openscoring,openscoring-webapp,24-5-2020,webapp web application,30,0,2.0.2
org.specs2,specs2-analysis_2.13.0-RC3,31-5-2019,analysis specs testing,1,1,4.5.1
org.ow2.jonas,event-provider-api,1-10-2013,provider event api,3,5,5.3.0
com.github.edcast-rahul,sdk,26-6-2020,github sdk android,1,0,0.0.1
net.eusashead.spring,spring-cache-gae,2-9-2013,spring cache appengine,1,0,1.0.0.RELEASE
com.cosmicpush,push-server-plugin-smtp,8-4-2015,plugin smtp server,5,1,4.0.4
com.github.regis-leray,zio-ftp_2.12,22-10-2019,network ftp github,1,0,0.1.0
de.sciss,scala-chart_2.12,21-4-2019,scala visualization chart,3,3,0.7.1
eu.agrosense.client,util,6-7-2014,client netbeans module,4,14,14.06-beta
br.com.jarch,dsfnet-javaee-archetype,12-1-2019,archetype javaee maven,2,0,19.1.9
io.gitee.zhousiwei,ftp4che,12-7-2018,network ftp io,1,0,6.6
com.battcn.boot,extend-mybatis-spring-boot-starter,10-10-2019,spring persistence starter,2,0,2.1.2-RELEASE
org.scala-js,scalajs-dom_sjs1_2.11,8-8-2020,scala scalajs dom,3,80,1.1.0
org.diirt,datasource-test,27-2-2018,testing data datasource,2,8,3.1.7
com.metaring,framework-ext-vertx-email,19-4-2020,mail framework vertx,31,0,1.5.9
net.sf.androidscents.signature,android-api-level-20,3-1-2015,signing api android,2,0,4.4W.2_r2
org.mongodb,mongo-hadoop-hive,26-6-2014,hadoop mongodb database,1,0,1.3.0
global.namespace.fun-io,fun-io-jaxb,27-1-2020,xml binding io,34,1,2.3.0
com.oath.microservices,micro-hibernate,29-10-2019,hibernate persistence microservices,11,1,1.2.3
com.github.jntakpe,spring-restdocs-dsl,21-8-2019,github spring dsl,7,1,0.6.0
tomcat,catalina,14-2-2006,webserver server tomcat,19,42,5.5.23
com.kenai.nbpwr,org-apache-commons-dbcp,24-2-2010,apache netbeans module,1,4,1.2.2-2010022...
com.liferay,com.liferay.portal.workflow.definition.link.web,14-2-2020,workflow portal web,25,0,1.0.26
io.taig,flog-http4s-client_2.13,8-8-2020,client io http,20,0,0.7.4
de.acosix.alfresco.utility,de.acosix.alfresco.utility.core.repo.quartz1,7-7-2020,cms scheduling repository,8,2,1.2.2
com.github.vindell,spring-boot-starter-socketio,21-1-2019,github spring starter,4,0,1.0.3.RELEASE
org.wso2.carbon.identity.inbound.auth.sts,org.wso2.carbon.mex.server.feature,10-7-2020,server authentication identity,24,0,5.6.2
org.scala-lang.modules,scala-collection-compat_2.13.0-RC2,17-5-2019,module scala compatibility,1,34,2.0.0
fr.sii.ogham,ogham-spring-boot-starter-sms,3-1-2018,sms spring starter,1,0,2.0.0
com.reprezen.genflow,swagger-doc,24-7-2019,doc api swagger,27,1,1.4.2
org.scala-js,scalajs-logging_2.13.0-M5,5-4-2019,logging scala scalajs,1,2,1.0.0-M7
net.osgiliath.framework,net.osgiliath.features.karaf-features.itests.validation,15-6-2015,framework osgi validation,13,0,0.1.8
com.yxt.opensdk,library_http,26-12-2017,library http android,4,1,2.3
org.bsc.processor,java2ts-processor-archetype,12-2-2019,archetype processor maven,7,0,1.1.0
io.micronaut,micronaut-views-freemarker,7-5-2020,template view io,6,1,1.3.2
org.jboss.aerogear,aerogear-android-authz-test,29-6-2017,testing jboss android,5,0,3.1.1
com.gitee.qdbp,qdbp-jdbc-spring,9-8-2020,jdbc sql spring,5,0,3.0.0
no.nrk.shared,nrk-ietf-rfc6749-oauth2-json,31-1-2018,json authentication oauth,1,0,0.0.4
io.remotecontrol,remote-transport-local,15-12-2014,transport remote io,1,0,0.7
com.google.apis,google-api-services-content,31-7-2020,service google api,1274,0,v2.1-rev44-1....
io.sphere.sdk.jvm,sphere-java-client-ahc-1_8,20-1-2016,sdk client io,12,3,1.0.0-M26
com.vandalsoftware.android,cache-library,20-11-2013,cache library android,4,0,1.0.3
com.sclasen,spray-route53_2.11,24-11-2014,aws dns cloud,6,0,0.3.6
org.aksw.jena-sparql-api,jena-sparql-api-server,29-1-2016,server sparql api,4,1,3.0.1-1
io.getconnect,connect-client-android,25-9-2015,client io android,3,0,1.3
com.avalon-inc.web,log-audit,21-7-2020,web container logging,4,1,2.3.1
com.github.mrharibo.micronet,mn-archetype-accountservice,26-8-2017,github archetype maven,5,0,0.1.4
it.tidalwave.geo,it-tidalwave-forceten-updatecenter,25-9-2012,geo netbeans module,5,1,1.0.39
com.liferay,com.liferay.analytics.reports.api,26-6-2020,report analytics api,5,0,1.0.4
com.github.tototoshi,dbcache-postgresql_2.12,13-5-2019,github database postgresql,1,0,0.3.0
org.scala-lang.modules,scala-collection-compat_sjs1.0-RC2_2.11,12-12-2019,module scala compatibility,1,346,2.1.3
org.scalaz,scalaz-zio-interop-shared_sjs0.6_2.12,31-5-2019,scalaz scala functional,20,7,1.0-RC5
com.kdgregory.logging,log4j2-aws-appenders,29-7-2020,amazon aws logging,3,0,2.4.1
org.ow2.chameleon.fuchsia.examples,mqtt-config,10-4-2014,example config mqtt,1,0,0.0.2
io.ktor,ktor-client-json-macosx64,10-8-2020,json client io,19,2,1.3.2-1.4.0-rc
com.thoughtworks.dsl,domains-scalaz_sjs0.6_2.11,18-7-2020,dsl scalaz scala,183,0,1.5.3+18-bc55...
org.diirt,datasource-integration,27-2-2018,integration data datasource,2,0,3.1.7
com.github.bengolder,pdf-html,17-9-2016,github pdf html,1,2,1.0
com.netflix.pigpen,pigpen-avro,19-5-2016,protocol serialization avro,15,1,0.3.3
io.github.binaryfoo,gclog-parser,15-4-2016,github parser io,2,1,0.0.3
com.github.rebue.sbs,feign-spring-boot-starter,15-5-2020,github spring starter,4,1,1.1.0
com.github.enalmada,play-api-rest-seed_2.11,25-4-2016,github rest api,2,0,1.0.1
org.scala-js,scalajs-stubs_2.12.0-M3,18-3-2016,scala scalajs stub,4,7,0.6.8
com.github.semoncat.featureCoverFlow,library,1-7-2014,github library android,1,0,0.1
com.io7m.coffeepick,com.io7m.coffeepick.repository.spi,10-4-2020,repository interface io,1,8,0.2.0
io.codelair,jakartaee-mp-archetype,26-12-2019,archetype io maven,1,0,1.5.0
io.doorbell,android-sdk,4-6-2020,sdk io android,16,0,0.4.3
com.github.tsingjyujing,geo-library,7-1-2019,github geo library,11,0,2.8.9-2.11
org.hotswapagent,hotswap-agent-spring-plugin,9-6-2020,plugin spring agent,5,1,1.4.1
org.eclipse.neoscada.ide,org.eclipse.scada.configuration.globalization.edit,26-10-2016,eclipse ide config,1,13,0.3.0
org.mule.tests,mule-module-soap-connect-tests,20-4-2018,module testing soap,3,0,4.1.1
com.github.charleslzq,library,13-12-2017,github library android,1,0,1.0.1
io.github.it-gorillaz,one-lambda,11-9-2018,github lambda io,1,0,1.0.0
com.github.fangzhengjin,common-verification-code-spring-boot-starter,22-4-2020,github spring starter,7,0,0.0.10
com.github.adedayo.intellij.sdk,editorconfig,13-7-2015,github sdk ide,1,0,142.1
net.officefloor.editor,net.officefloor.gef.common,29-7-2020,editor eclipse plugin,14,0,3.26.0
com.github.spring-bees,spring-beet-example,30-6-2020,github spring example,2,0,1.0.1
com.github.jnoee,coo.mvc.security,15-4-2016,github security mvc,7,0,2.2.0
org.scala-js,scalajs-java-logging_sjs0.6_2.12,7-2-2020,logging scala scalajs,8,4,1.0.0
com.google.api.graphql,rejoiner,26-7-2019,google api graphql,6,0,0.3.1
org.oiue.services,org.oiue.service.cache.tree,15-7-2017,service cache tree,2,2,1.0.1
io.github.ali-ghanbari,relational,19-2-2020,github io relational,1,0,1.0
io.micronaut.configuration,micronaut-micrometer-registry-signalfx,17-3-2020,registry config io,5,0,1.3.1
com.github.skjolber.sesseltjonna-csv,parser,3-1-2020,github parser csv,12,2,1.0.20
io.micronaut.configuration,micronaut-jasync-sql,9-6-2020,sql config io,25,0,2.2.6
com.stratio.receiver,spark-datasource,27-6-2016,spark data datasource,1,0,0.1.0
com.github.hemanthsridhar,WebAppFramework-CucumberJVM-Junit,25-2-2020,github testing junit,6,0,1.1.6
org.eclipse.rdf4j,rdf4j-repository-testsuite,7-8-2020,rdf repository eclipse,17,9,3.3.1
com.github.jainsahab,Snooper-Spring,23-2-2020,github spring android,11,0,1.5.5
org.andromda.repositories,andromda-repository-emf-uml22,8-9-2012,repository diagram uml,2,2,3.4
org.scala-js,scalajs-java-logging_sjs1.0.0-M2_2.10,28-11-2017,logging scala scalajs,1,1,0.1.3
org.jboss.spec.javax.security.jacc,jboss-jacc-api_1.1_spec,25-4-2010,security jboss api,1,1,1.0.0.Beta1
org.realityforge.com.google.gwt,gwt-user,11-11-2019,gwt ui google,2,5,2.8.2-v20191108
org.jresearch.gwtproject.i18n,gwt-datetimeformat,15-3-2020,i18n gwt ui,8,2,1.1.4
com.github.japgolly.scalajs-react,extra_sjs0.6_2.11,10-5-2019,github scala scalajs,40,20,1.4.2
fun.hereis.code,swagger-pdf,3-2-2020,pdf api swagger,3,0,1.17.RLS
net.sf.androidscents.signature,android-api-level-6,3-9-2013,signing api android,1,0,2.0.1_r1
com.github.xuwei-k,httpz_2.11,18-8-2019,github http client,21,10,0.6.1
de.dailab,jiac-multi-module,22-4-2014,module archetype maven,3,0,5.1.5.2
io.github.shreeshasa,bdd-automation-tests-parent,4-4-2020,github testing io,2,0,1.0.0
org.scalaz,scalaz-zio-interop-scalaz7x_sjs0.6_2.11,31-5-2019,scalaz scala functional,11,0,1.0-RC5
io.github.ma1uta.matrix,jeon,17-5-2020,github matrix io,15,0,0.12.0
com.liferay,com.liferay.dynamic.data.mapping.change.tracking,14-1-2020,data mapping tracking,14,0,1.0.13
com.github.ptgoetz,storm-hbase,21-4-2014,github hbase database,3,0,0.1.2
org.flowable,flowable-batch-service-api,22-1-2020,service batch api,1,1,6.5.0
org.scalatra,scalatra-test_2.9.1.RC4,29-8-2011,web-framework scala testing,1,3,2.0.0.RC1
com.metaring,framework-ext-broadcast-vertx,17-4-2019,framework vertx broadcast,1,0,1.0.0
org.wicketstuff.scala,sample,12-9-2012,scala example wicket,34,0,1.5-RC5.1
fr.inria.powerapi.sensor,sensor-disk-api,22-3-2013,disk sensor api,6,4,1.5
com.lightbend.lagom,lagom-cluster-core_2.13,23-7-2020,cluster lightbend microservices,11,8,1.6.3
io.ktor,ktor-client-websockets-iosarm64,10-8-2020,client io websocket,14,0,1.3.2-1.4.0-rc
io.github.asharapov.logtrace,logtrace-log4j,20-10-2019,github logging io,1,0,0.8.0
com.liferay,com.liferay.portal.custom.jsp.bag.api,26-6-2020,portal jsp api,21,0,4.0.3
com.typesafe,scalalogging-slf4j_2.10.0-M6,3-8-2012,typesafe logging slf4j,1,0,0.2.0
com.github.pjfanning.elastic4s,elastic4s-json-jackson_2.13,24-12-2019,github json elastic,1,3,7.1.3
org.jboss.pnc,bpm-mock,26-6-2020,mock bpm jboss,9,2,1.8.1.7
io.github.dheid,roperty-migration,2-4-2017,github io migration,1,0,1.0
com.google.code.facebookapi,facebook-java-api,14-7-2010,google facebook api,10,1,3.0.4
org.baessie,simulator,4-12-2011,webapp web application,1,0,0.1
org.jeecqrs,jeecqrs-infra-jpa-ejb,30-12-2018,ejb persistence jpa,5,0,1.2.3
org.quasar-analytics,quasar-mongodb-internal_2.12,11-3-2018,analytics mongodb database,42,0,34.2.3
org.mongodb,stitch-core-services-mongodb-local,25-6-2018,service mongodb database,5,2,4.0.0
com.github.leeyazhou,crpc-config-api,20-5-2020,github config api,1,5,1.0.1.RELEASE
org.jboss.ironjacamar,jdbc-local,8-4-2020,jdbc sql jboss,108,1,1.4.22.Final
io.appbricks,appbricks-archetype-dubbox-service,2-6-2017,archetype service io,7,0,3.1.0
com.google.apis,google-api-services-gmail,5-8-2020,service google api,437,3,v1-rev110-1.25.0
org.opencms,org.opencms.workplace.tools.scheduler,17-5-2018,cms tools scheduling,15,0,10.5.4
org.openscada.atlantis,org.openscada.protocol.iec60870.server.data,25-4-2018,server data protocol,1,1,1.5.0
no.uis.nio,nio-fs-sftp,29-7-2016,io ftp network,2,0,1.1.7
com.liferay,com.liferay.portal.vulcan.compat.api,6-5-2020,portal api compatibility,5,0,2.0.1
xdoclet,xdoclet-caucho-module,20-9-2005,doc metadata module,5,3,1.2.3
org.camunda.bpm.extension,camunda-bpm-reactor-spring,6-6-2016,bpm spring extension,1,1,1.2
com.dimafeng,testcontainers-scala-postgresql_2.13,17-7-2020,database postgresql scala,13,3,1.0.0-alpha1
org.jekh.appenders,redis-appender-jboss,30-9-2016,jboss redis database,1,0,0.5
com.github.scala-incubator.io,scala-io-performace_2.9.1,3-11-2014,github scala io,1,0,0.2.0
org.codingmatters.poom,poom-services-test-support,18-9-2019,support service testing,10,2,1.10.0
org.eclipse.hawkbit,hawkbit-dmf-amqp,17-1-2020,queue amqp eclipse,21,3,0.3.0M6
eu.agrosense.client,branding,6-7-2014,client netbeans module,4,0,14.06-beta
com.github.timo-reymann,spring-boot-vue-starter,16-6-2018,github spring starter,2,1,1.0.0
com.rempl.readers.its,bridge-its-api,3-8-2011,reader bridge api,3,6,1.1.3
com.cognitect.aws,cognito-identity,8-11-2019,amazon aws identity,5,0,770.2.568.0
