groupID,artifactID,date,tags,numberUsages,maxUsage,latestVersion
org.xhtmlrenderer,flying-saucer-pdf-osgi,10-1-2020,pdf osgi,19,0,9.1.20
org.mongodb,casbah-core_2.9.1,10-2-2014,mongodb database,15,6,3.0.0-M2
com.ibm.websphere.appserver.features,com.ibm.websphere.appserver.wsATWebService-1.0,30-7-2020,ibm server,23,0,20.0.0.8
systems.manifold,manifold-json-test,7-8-2020,testing json,110,0,2020.1.23
org.evomaster,evomaster-client-java-instrumentation-shared,1-4-2020,client instrumentation,3,0,1.0.1
io.atlassian,kadai-config_2.12,12-5-2017,config io,3,3,6.0.2
be.yildiz-games,common-logging,31-12-2019,logging gaming,13,24,3.2.2
cn.com.antcloud.api,antcloud-api-provider-assetchain,2-3-2020,provider api,1,0,1.0.6
io.lenses,lenses-alertmanager-plugin_2.12,11-6-2020,plugin io,8,0,4.0.0
cn.tenfell,cn-tenfell-tools-generator,22-10-2019,generator tools,4,1,1.0.3
io.micronaut.data,micronaut-data-tx,21-7-2020,data io,13,3,1.1.3
io.udash,udash-bootstrap4_sjs0.6_2.11,21-4-2020,io bootstrap,27,0,0.8.5
org.odpi.egeria,information-view-client,1-8-2020,client view,13,1,2.1
com.frogermcs.dagger2metrics,dagger2metrics-plugin,2-2-2016,plugin metrics,2,0,0.2.1
io.easyspring.service,service-message-core,25-3-2019,service io,1,0,1.1.0-RELEASE
de.sciss,dispatch-json4s-native_2.11,31-5-2019,json native,2,1,0.1.1
org.json4s,muster-codec-jackson_2.11,4-8-2014,json codec,2,17,0.3.0
org.modeshape,modeshape-jbossas-integration-tests,9-10-2014,integration testing,26,0,4.0.0.Final
org.eulerframework,euler-web-authentication,31-8-2019,web authentication,2,2,1.0.0.M3
com.github.anylogic,alogic-cache,14-12-2017,github cache,6,1,1.6.10
io.rtr.alchemy,alchemy-api,26-2-2020,io api,11,4,2.0.2
cn.buk.api.wechat,weniu-dao,5-7-2017,dao api,1,1,1.2.30
com.pushtorefresh.storio3,sqlite,20-12-2017,sqlite android,1,0,3.0.0
com.sangupta,jerry-oauth,28-10-2014,authentication oauth,4,1,0.10.0
io.ktor,ktor-http,10-8-2020,io http,23,7,1.3.2-1.4.0-rc
org.openwms,org.openwms.core.client.rest,15-4-2015,rest client,1,1,1.0
com.github.gv2011.helloworld,helloworld-api,9-9-2015,github api,1,3,0.0.2
io.chrisdavenport,log4cats-noop_sjs0.6_2.11,12-6-2019,io logging,9,0,0.4.0-M1
com.cognitect.aws,wafv2,9-8-2020,amazon aws,5,0,807.2.729.0
com.walmartlabs.concord.server.plugins.noderoster,concord-noderoster-plugin,5-8-2020,plugin server,33,1,1.60.1
com.colorfulsoftware,rsspect,9-9-2014,syndication rss,7,0,1.0.6
org.endpoints4s,algebra-playjson_2.13,30-7-2020,math algebra,2,1,1.1.0
org.quasar-analytics,quasar-frontend-internal_2.12,14-3-2018,analytics frontend,45,5,34.2.5
com.ibm.websphere.appserver.features,com.ibm.websphere.appserver.zosConsoleCommandCacheClear-1.0,30-7-2020,ibm server,3,0,20.0.0.8
com.helger,peppol-directory-client-jdk6,12-7-2017,client directory,3,0,0.5.0
com.github.japgolly.test-state,core_2.11,30-10-2018,github testing,12,4,2.3.0
net.colesico.framework,colesico-http,11-8-2020,framework http,34,4,3.8.1
com.avides.springboot.springtainer,springtainer-mongodb,18-6-2020,mongodb database,3,0,1.2.0
com.ibm.websphere.appserver.features,scalingController-1.0,30-7-2020,ibm server,23,2,20.0.0.8
com.github.jcute,jcute-core-proxy,28-4-2018,github proxy,1,2,0.0.7
com.sun.xml.bind.external,rngom,1-6-2020,binding xml,18,11,3.0.0-M4
de.bmiag.tapir,tapir-html-basic-aggregator,5-6-2020,aggregation html,9,0,3.5.0
hu.meza.tools,checkstyle,19-8-2013,analysis tools,3,0,1.0
org.eclipse.microprofile.opentracing,microprofile-opentracing-parent,3-8-2020,eclipse tracing,17,0,2.0-RC2
io.reactivesocket,reactivesocket-transport-local,8-4-2017,transport io,3,1,0.6.0
io.snamp,devops-tools,23-7-2017,tools io,1,0,2.0.0
com.github.heuermh.sparkling,sparkling-template,20-5-2014,github template,5,2,1.1.2
org.itechet,resteasy-demo-01-model,12-12-2015,example model,3,1,1.0.9
org.jboss.arquillian.container,arquillian-wls-managed-12.1,26-11-2015,container jboss,3,0,1.0.1.Final
io.tronalddump,client-java,11-12-2016,client io,1,0,1.0.0
io.projectreactor,reactor-logback,28-4-2016,logging io,9,1,2.0.8.RELEASE
org.jnosql.diana,infinispan-driver,16-5-2019,cache driver,6,0,0.0.9
xyz.morphia.morphia,guice-plug,2-11-2018,mongodb dependency-injection,1,0,1.4.0
com.github.mohitsoni,marathon-client,15-1-2015,github client,3,4,0.4.2
io.chrisdavenport,log4cats-noop_sjs1_2.12,12-5-2020,io logging,1,0,1.1.1
com.greenbird.mule,greenbird-mule-test-tools,12-10-2015,testing tools,5,2,2.0.1
org.gvnix,org.gvnix.addon.gva.security.annotations,30-11-2015,security annotations,6,1,1.5.1.RC4
org.pac4j,play-pac4j_2.11,13-5-2020,openid authentication,14,2,9.0.1
io.bfil,automapper-macros_2.12,29-8-2019,macro io,3,1,0.6.2
io.github.jkrauze,bra,23-10-2018,github io,1,0,0.1.0
com.budjb,http-requests-jersey2,21-5-2020,http webservice,12,0,2.0.7
com.payneteasy.superfly,superfly-remote-api,3-6-2020,remote api,54,7,1.7-14
org.ow2.jonas,jonas-report-extension-endpoints,1-10-2013,report extension,3,0,5.3.0
org.stefaniuk.json.service,json-service,4-1-2016,json service,2,0,1.2.4
jakarta.batch,jakarta.batch-api,23-7-2020,batch api,8,9,2.0.0-M6
io.soabase.structured-logger,structured-logger-parent,27-2-2019,logging io,3,0,3
com.github.percychuang,modest-rpc,10-4-2018,github rpc,1,0,0.0.1
io.github.avivcarmis,conf-eager,27-6-2017,github io,2,0,1.0.1
io.buoyant,namerd-iface-control-http_2.12,10-6-2020,io http,38,1,1.7.4
io.soabase,soabase-web,17-6-2017,io web,4,0,0.1.3
com.github.sljjyy,app,2-3-2016,github android,1,0,1.0-beta
org.ow2.kerneos,kerneos-flex-examples-modules,3-10-2013,example module,2,0,2.2.1
com.github.hazendaz,scriptable-dataset,20-6-2020,github dataset,4,0,2.2.1
org.resteasy,resteasy-jaxrs-all,13-4-2012,rest jaxrs,1,0,1.0
org.feasy.cloud,application-server-domain-parent,24-6-2020,server cloud,1,0,1.0-RELEASE
de.holisticon.util.tracee.examples,tracee-examples,25-4-2014,example tracing,2,0,0.2.0
org.ancoron.glassfish.asadmin,osgi-service,6-7-2012,service osgi,3,1,1.0.4
org.typelevel,algebra_sjs1_2.12,28-2-2020,math algebra,1,11,2.0.1
org.scalatestplus,scalatestplus-testng_2.13.0-RC3,1-6-2019,testing testng,1,0,1.0.0-SNAP7
net.officefloor.eclipse,net.officefloor.eclipse.activity,29-7-2020,eclipse plugin,11,0,3.26.0
io.prestosql.tempto,tempto-logging-log4j,3-12-2019,logging io,7,0,167
fun.mike,io-support-alpha,30-7-2018,support io,9,5,0.0.13
com.github.krukow,clj-ds,24-10-2013,github clojure,1,9,0.0.4
io.vulpine.lib,lib-connectwise,9-3-2017,library io,1,0,0.0.17
com.io7m.mutable.numbers,com.io7m.mutable.numbers.checkstyle,7-12-2017,analysis io,4,0,2.0.0
com.github.tkawachi,play-filter-only_2.13,17-1-2020,github filtering,1,0,0.4.0
net.rapture,Cassandra,17-5-2016,cassandra database,5,0,3.0.4
io.cellery.observability,io.cellery.observability.tracing.receiver,4-10-2019,io tracing,4,1,0.4.1
com.venturocket,api-client,7-1-2014,client api,1,0,1.0.1
com.github.hoboris.scenes,scene3d,19-10-2018,github android,1,0,1.0.0
io.janstenpickle,trace4cats-kernel_2.12,10-8-2020,tracing io,26,19,0.3.0+31-9843...
com.srnjak,srnjak-testing-json,12-12-2019,json testing,2,1,1.0.1
org.crsh,crsh.doc.reference,4-6-2014,reference doc,17,1,1.3.0-beta2
pl.beone.promena.connector,promena-connector-http,23-1-2020,connector http,1,0,1.0.0
com.github.mkhytarmkhoian,conductor-dialog,27-8-2018,github android,1,0,1.0.0
me.zyee,io-monitor,3-10-2018,monitor io,2,0,1.0.1
org.messaginghub,pooled-jms,10-8-2020,jms queue,17,9,1.1.2
org.hudsonci.plugins,active-directory,3-9-2014,plugin directory,3,0,1.31-h3
com.github.pshirshov.izumi.legacy,commons-test_2.12,16-3-2018,github testing,16,19,1.4.16
com.github.vmazheru.codeless,cl-serializers,20-1-2018,github serialization,1,1,0.9.0
net.liftmodules,fobo-angularjs_2.6_2.9.1,4-10-2016,angular angularjs,9,1,1.7
com.github.jodersky,flow-native_2.10,6-5-2014,github native,4,0,2.0.1
com.cnhnb.sdk,common-module,29-6-2020,module sdk,2,1,0.0.2
org.opennms.alec,alec-test-api,26-4-2019,testing api,2,11,1.0.1
com.github.tkrs,orcus-twitter-util_2.13,30-6-2020,github twitter,13,0,0.23.0
com.github.frankivo,scala-ms-exchange_2.13,16-4-2020,github scala,8,0,1.2.2
io.github.lorenzobettini.xtextutils,xtext-tycho-parent,4-6-2020,github io,4,0,0.2.0
net.coderazzi,tablefilter-swing-java5,18-11-2012,swing ui,14,0,4.5.0
solutions.rty,droid-rest-api,4-3-2015,rest api,1,0,1.0.0
org.ow2.jonas,jonas-report-extensions,1-10-2013,extension report,3,0,5.3.0
com.github.sahand77,willow-test2,25-4-2018,github testing,6,0,1.3.7
com.codemettle,stream-util-model_2.12,22-4-2020,model streaming,1,1,1.0.2
io.github.shiromoji,shiromoji-ipadic,26-4-2018,github io,2,1,0.0.2
com.wizzardo.tools,tools-collections,11-9-2018,collections tools,11,3,0.22
org.scalatra.rl,rl-expander_2.9.0,26-9-2013,web-framework scala,9,0,0.4.9
io.github.scalan,ast_2.12,24-10-2019,io github,2,3,0.7.0-RC4
org.everit.json,org.everit.json.schema,27-3-2017,json schema,10,40,1.5.1
com.linkedin.sparktfrecord,spark-tfrecord_2.11,14-7-2020,linkedin spark,2,0,0.2.1
com.github.japgolly.test-state,ext-nyaya_sjs1_2.13,11-5-2020,github testing,1,0,2.4.1
com.jparams,jparams-junit4,7-4-2017,testing junit,4,0,1.0.4
io.advantageous.discovery,lokate,28-3-2017,io discovery,5,2,2.0.0
com.github.ddth,ddth-cache-adapter-serializing,3-5-2019,github cache,19,2,1.0.0
org.cogchar,org.cogchar.bundle.demo.all,5-11-2016,example bundle,20,0,1.1.4
com.github.ksoichiro,android-observablescrollview,12-9-2015,github android,12,8,1.6.0
org.stackbox.archetypes,hadoop-v1-mr,17-1-2015,archetype hadoop,1,0,0.0.2-RELEASE
it.tidalwave.bluebill,it-tidalwave-bluebill-mobile-android-news,5-7-2011,mobile android,1,1,1.0.0
io.github.agentsoz,jill,29-1-2019,io github,6,4,0.4.0
org.ow2.sirocco.cloudmanager,sirocco-cloudmanager-api-tools,6-2-2012,tools api,2,0,0.4.0
com.github.miemiedev,mybatis-paginator,7-5-2015,github persistence,22,5,1.2.17
com.helger,peppol-directory-client,13-5-2019,client directory,13,0,0.7.2
io.bootique.modules.parent,bootique-modules-parent,1-6-2020,module io,22,0,2.0.1
com.github.duanxinyuan,library-escrow-logistics,5-7-2018,github library,1,0,1.0.0
org.wso2.carbon.analytics,org.wso2.carbon.analytics.api.feature,6-12-2019,analytics api,64,0,1.4.3
com.github.olada,webjars-webfilter-resolver,7-5-2018,github web,1,0,0.1.0
com.github.ansell.owlapi,owlapi-distribution,25-11-2013,github distribution,9,0,3.4.9.2-ansell
io.kotest,kotest-extensions-junitxml-jvm,10-8-2020,extension io,15,0,4.2.0.RC1
jp.t2v,play2-auth_2.11,12-3-2016,authentication play-framework,10,5,0.14.2
org.ow2.asm,asm-debug-all,17-7-2017,debug bytecode,14,54,6.0_BETA
com.github.zhou6ang.framework,bit-statemachine,5-6-2017,github framework,3,0,1.2.0
com.propensive,rapture-xml-test_sjs0.6_2.11,27-4-2017,testing xml,6,1,2.0.0-M9
com.amysta.jclouds.labs,rackspace-autoscale-uk,27-10-2016,cloud autoscaling,2,0,2.0.1
org.wso2.carbon.registry,org.wso2.carbon.registry.properties.ui,2-7-2020,registry ui,47,1,4.7.35
fr.vsct.tock,tock-bot-admin-test-core,22-8-2019,testing admin,46,2,19.3.3
com.github.scala2ts,scala2ts-core_2.11,21-6-2020,github scala,11,0,1.0.10
org.lable.oss.dynamicconfig,dynamic-config-it-etcd,4-12-2019,etcd config,1,0,3.0-beta1
io.peacemakr,peacemakr-java-sdk,29-2-2020,sdk io,2,1,0.0.2
cn.bosign,bosign-api-sdk,8-11-2017,sdk api,9,0,1.2.1
com.aiwuyu.commons,aiwuyu-server-sdk,25-4-2019,server sdk,2,0,1.0.1
org.scalatra.rl,rl-expander_2.9.3,6-4-2014,web-framework scala,7,0,0.4.10
com.github.prologdb,runtime,9-12-2017,github runtime,1,0,1.0.0-RC1
com.gfearthsolution,sql-dynamic-generator,26-8-2019,sql generator,1,0,1.0
com.rbkmoney.adapter-client-lib,bender-client,5-8-2020,library client,1,0,2.1.27
org.reactivemongo,reactivemongo-play-json_2.11,5-7-2020,json mongodb,167,4,0.20.12-play27
org.jboss.resteasy,resteasy-core-spi,20-7-2020,jboss interface,23,33,4.5.6.Final
in.norbor,yoda-orm_2.13,31-3-2020,persistence orm,6,1,20200331
net.lachlanmckee,dagger-magic-kotlin-plugin,28-10-2019,plugin kotlin,4,0,0.0.4
com.b2wdigital.iafront.persistense,spark-cloud-persistense-base_2.11,6-12-2019,cloud spark,3,3,v1.0.6
com.covisint.core,httpclient-support,22-4-2015,http support,1,2,1.0.0.RELEASE
org.http4s,http4s-websocket_2.10,13-4-2018,websocket http,9,3,0.2.1
org.trimou,trimou-integration-tests,5-3-2016,integration testing,3,0,1.8.4.Final
io.markdom,modules,9-1-2020,io module,2,0,0.0.2
com.github.ancane,hashids-scala_2.11,10-2-2020,github scala,5,1,1.4
io.virtdata,virtdata-api,29-1-2020,io api,97,6,2.12.15
io.github.ikegami-yukino,neologdn,14-3-2017,github io,1,0,0.0.1
de.devsurf.injection.guice,de.devsurf.injection.guice.configuration,3-11-2010,config dependency-injection,2,2,0.7.0
uk.co.caeldev,base-auth2-server,16-4-2018,server authentication,1,0,1.0.0
com.sap.devops.cmclient,ci-integration-lib-common,2-8-2018,integration library,3,2,2.0.1
com.io7m.smfj,com.io7m.smfj.format.binary2,4-4-2020,binary io,1,3,0.15.0
ch.epfl.lamp,scala-grading-plugin_2.11.2,2-10-2015,plugin scala,1,0,0.3
org.jszip.redist,expect,27-3-2013,web assets,4,0,0.2.0
com.typesafe.play,play-ahc-ws_2.13,21-5-2020,typesafe play-framework,15,21,2.8.2
se.skltp.aggregatingservices.riv.clinicalprocess.activity.request,GetAggregatedRequestStatus-schemas,29-11-2017,request schema,7,1,1.1.0-RC3
org.everit.authentication,org.everit.authentication.http.session.ecm,24-10-2016,authentication http,2,0,2.0.0
io.github.joht.alias,type-alias,8-1-2020,github io,6,3,1.1.0
org.xwiki.rendering,xwiki-rendering-syntax-docbook,31-7-2020,syntax render,279,2,12.6
com.emc.vipr,vipr-controller-models,24-10-2016,controller model,9,1,3.5.0.0
com.tocea.easycoverage,easyCoverage4J-junit,26-6-2013,testing junit,5,3,2.3.1
com.findwise.hydra,hydra-solr-3-out-stage,24-2-2015,search solr,9,0,0.5.0
io.github.russellfrancis,jfuzzy,20-11-2019,io github,1,2,1.0.0
io.eldermael,zwitch-annotations,13-8-2019,annotations io,1,0,0.1.0
io.github.junxworks,junx-core,8-4-2020,github io,6,5,1.0.7
org.wso2.carbon.apimgt,org.wso2.carbon.apimgt.rest.api.commons.feature,7-2-2019,rest api,246,0,7.0.248
de.bund.bva.isyfact,isy-datetime,7-8-2020,date time,5,4,2.0.1
org.jboss.portletbridge.testing.pluto,pluto-testing-parent,9-1-2013,testing jboss,4,0,1.0.0.Beta1
org.tkit.ide,ide-config-java,23-6-2020,ide config,1,0,0.1.0
org.atmosphere.extensions,org.atmosphere.extensions.hazelcast,26-7-2013,hazelcast extension,8,0,1.1.0.RC5
com.github.zhangchunsheng,amap-java-spring-boot-starters,22-5-2020,github spring,2,0,1.0.2
org.powernukkit.bedrock.leveldb,bedrock-leveldb-benchmark,28-7-2020,leveldb benchmark,1,0,0.11.0-PN
io.higherkindness,droste-scalacheck_sjs0.6_2.13,15-11-2019,io scala,1,0,0.8.0
org.locationtech.geomesa,geomesa-accumulo-spark_2.11,26-6-2020,accumulo spark,22,2,3.0.0
com.azure,azure-core-management,8-8-2020,azure management,6,1,1.0.0-preview.4
io.youi,youi-client_2.12,24-6-2020,io client,163,6,0.13.16
com.github.vario,vario-filter_2.9.2,29-1-2013,github filtering,2,2,0.4.4
io.laserdisc,log-effect-core_2.12,25-6-2020,io logging,48,3,0.13.1
io.circe,circe-derivation-annotations_sjs1_2.13,23-3-2020,annotations io,3,0,0.13.0-M4
com.d0x7,utils-cassandra,30-4-2017,cassandra database,1,0,1.0.0
net.sf.corn,corn-httpclient,12-3-2014,http client,10,2,1.0.12
com.github.wnameless.json,json-flattener,15-6-2020,github json,5,5,0.9.0
org.http4k,http4k-server-undertow,11-8-2020,server http,333,0,3.256.1
it.unimi.di,mg4j,6-4-2016,search engine,6,2,5.2.2
com.redhat.lightblue.mongo,mongo-crud,16-12-2014,crud mongodb,7,3,1.2.0
org.julienrf,endpoints-algebra_sjs0.6_2.11,13-11-2019,math algebra,14,14,0.12.0
com.io7m.jtensors,com.io7m.jtensors.tests,7-12-2017,testing io,10,0,9.0.0
org.ow2.jonas,jonas-management-tools,16-3-2009,tools management,9,2,5.1.0-M5
de.dentrassi.eclipse.neoscada.core,org.eclipse.scada.ca.client,29-9-2016,eclipse client,1,9,0.1.0
org.eclipse.che.plugin,che-plugin-php-lang-shared,20-9-2019,plugin eclipse,34,4,7.0.0-rc-3.0
batik,batik-gui-util,20-9-2005,graphics svg,3,33,1.6-1
io.ratpack,ratpack-config,1-4-2015,io config,3,0,0.9.15
se.vgregion.icc.sd.portal,portal-schemas,24-4-2012,portal schema,2,2,1.0.16
org.esbtools.eventhandler,event-handler-lib,8-7-2019,event library,15,1,0.1.15
net.ttddyy,spring-social-slideshare,28-1-2015,spring social,2,0,1.0.1
dev.gitlive,firebase-app-android-debug,13-7-2020,debug android,3,4,0.2.0
com.hanhuy.android,scala-conversions_2.10,13-7-2016,scala android,10,1,24.0.0
de.m3y.prometheus.exporter.fsimage,fsimage-exporter,13-10-2019,prometheus export,4,0,1.3
com.typesafe.genjavadoc,genjavadoc-plugin_2.12.2,23-3-2020,plugin typesafe,8,0,0.16
xyz.cofe,gui-swing-j2d,27-6-2020,swing ui,2,1,1.1
com.datumbox,datumbox-framework-storage-mapdb,5-8-2020,framework storage,3,1,0.8.2
net.osgiliath.wrappers,net.osgiliath.wrapper.deltaspike-partial-bean-module-impl,19-8-2015,module beans,10,1,0.2.3
com.github.allantl,atlassian-connect-http4s_2.12,4-8-2019,github http,4,0,0.1.2
org.qi4j.library,org.qi4j.library.scripting,31-7-2015,library scripting,1,1,2.1
com.github.soft-po,TransformerViewPager,28-10-2016,github android,1,0,1.0
org.micchon,play-json-xml_2.11,20-3-2019,json xml,7,0,0.4.1
com.javaetmoi.core,javaetmoi-hibernate-hydrate,4-9-2014,hibernate persistence,3,0,1.2
org.odpi.egeria,glossary-author-view-spring,1-8-2020,spring view,6,1,2.1
de.ruedigermoeller,kontraktor-reactive-streams,11-2-2019,reactive streaming,46,0,4.28
org.powermock.examples,powermock-examples-apachecli,11-12-2015,mock example,19,0,1.6.4
kz.greetgo.kafka,greetgo.kafka,6-7-2020,kafka streaming,20,0,1.5.18
cn.com.antcloud.api,antcloud-api-provider-csc,11-5-2020,provider api,7,0,5.2.1
org.commonjava.indy.docker,indy-test-docker-appliances,23-7-2019,testing docker,23,0,1.8.1
org.endpoints4s,algebra-circe_sjs0.6_2.13,29-6-2020,math algebra,1,9,1.0.0
com.github.golovin47.drawingview,drawingview,23-2-2019,github android,1,0,1.0.0
net.kaliber,play-s3_2.11,12-4-2019,aws s3,4,1,10.0.0
ca.carleton.gcrc,nunaliit2-gpx-jaxb,20-9-2016,xml binding,29,1,2.2.7
io.cloudslang.content,score-xml,20-4-2016,xml io,1,0,0.0.2
in.norbor,yoda-orm_2.12,13-6-2019,persistence orm,33,0,4.0.1
com.easycodebox,easycode-jdbc,9-3-2017,jdbc sql,8,2,0.3.1
org.jboss.pressgang.ccms,pressgang-ccms-rest,1-9-2014,rest jboss,7,0,1.9
io.github.mainstringargs,robinhood-scraper,18-1-2019,github io,6,0,1.5
com.github.jelmerk,hnswlib-scala_2.13,14-6-2020,github scala,9,2,0.0.45
kz.greetgo.depinject,greetgo.depinject.gwt.stand,13-9-2017,gwt ui,1,0,1.1.4
org.scalacheck,scalacheck_2.10.0-RC4,6-12-2012,scala testing,1,271,1.10.0
org.aerogear,android-sync,31-8-2018,sync android,1,0,2.1.0-alpha.1
io.github.rafal-laskowski,property-handler,21-5-2020,github io,3,0,1.0.2
io.kinoplan,emailaddress-play-json_2.12,15-4-2020,json io,1,0,0.1.0
org.wso2.analytics.esb,org.wso2.analytics.esb.feature,28-9-2016,esb analytics,1,0,5.0.0
com.stevenpaligo,threeten-extra-jpa,8-8-2019,persistence jpa,1,0,2.2.0
com.github.advantageous,qbit-vertx,11-12-2015,github vertx,32,5,0.9.2-RC14
org.odpi.egeria,ui-chassis-spring,3-8-2020,spring ui,8,0,2.1
io.github.finefuture,DevKit-core,19-9-2019,github io,3,2,1.0.2.RELEASE
com.github.marcelosmith77,android-realm,29-1-2020,github android,7,0,1.01.03
com.github.ecmdeveloper,eds-servlet,15-12-2018,github servlet,1,0,1.0.0
me.lyh,protobuf-generic_2.12,5-8-2020,protocol serialization,10,2,0.2.9
com.github.dwickern,scala-nameof_2.12.0-RC1,23-9-2016,github scala,1,0,1.0
com.synopsys.integration,integration-rest,31-7-2020,integration rest,11,4,5.0.0
fi.linuxbox.upcloud,groovy-upcloud-http-ahc,6-7-2018,groovy http,4,1,0.0.7
io.atomix.catalyst,catalyst-transport,15-5-2017,transport io,19,5,1.2.1
com.github.livesense,org.liveSense.framework.cxf,2-6-2014,github framework,3,0,1.0.5
com.ticketmaster.api,discovery-java,6-7-2018,api discovery,10,0,0.1.8
com.ithit.webdav,webdav-server,25-6-2020,server webdav,58,2,4.6.4062
com.github.liuanxin,api-info,23-12-2017,github api,13,0,1.2.2
org.spark-project,spark-examples_2.9.2,26-2-2013,example spark,6,0,0.7.0
com.github.maricn,logback-slack-appender,11-11-2017,github logging,5,0,1.4.0
org.laxture,skr-service-registry,11-12-2019,registry service,1,0,0.1.0
com.github.ddphin,ddphin-base-oss-spring-boot-sampels,26-8-2019,github spring,2,0,1.0.2
cn.workde,workde-starter-builder,25-9-2019,builder starter,3,1,1.2.5-RELEASE
com.breuninger.boot,spring-boot-starter-breuninger-togglz,15-9-2018,spring starter,4,1,2.0.5.RELEASE
com.kubukoz,sup-http4s-client_2.13,3-6-2020,client http,6,0,0.8.0
com.github.livesense,org.liveSense.framework.fitnesse,2-6-2014,github framework,3,1,1.0.5
website.automate.teamcity,teamcity-automate-website-plugin-agent,5-9-2016,plugin agent,4,1,0.5.0
cloud.altemista.fwk.integration,cloud-altemistafwk-core-integration-file-conf,26-3-2020,integration cloud,3,1,3.1.0.RELEASE
com.connexta.arbitro.samples.hierarchical.resource,heirarchical-resource-sample,2-5-2016,example resource,1,0,1.0.0
com.foreveross,spring-boot-starter-dubbox,4-1-2017,spring starter,29,0,2.3.8
org.clojure,core.typed.analyzer.js,24-1-2020,analyzer clojure,2,0,0.8.0-alpha2
com.jetdrone,yoke.examples.benchmark,17-3-2015,example benchmark,2,0,2.0.16
com.amysta.jclouds.provider,go2cloud-jhb1,27-10-2016,provider cloud,2,1,2.0.1
com.github.nisrulz,recyclerviewhelper,22-10-2016,github android,5,0,25.0.0
io.github.emsoft,scalut-net_2.11,10-1-2017,github io,3,2,0.3.0
cn.webfuse,webfuse-starter-mvc,2-4-2020,mvc starter,2,1,1.0.2
io.cafienne.bounded,bounded-test_2.13,24-6-2020,testing io,4,0,0.2.3
com.muhuk.lesscss,lesscss-cli,25-1-2015,css command-line,3,0,1.1.1
com.github.livesense,org.liveSense.features.sling.bootstrap,2-6-2014,github bootstrap,3,0,1.0.5
org.wso2.carbon.event-processing,org.wso2.carbon.event.output.adaptor.websocket.local,7-2-2015,event websocket,3,1,2.0.3
io.debezium,debezium-ddl-parser,6-8-2020,parser io,49,2,1.3.0.Alpha1
io.taig.android,better-safe-than-sorry_2.11,23-11-2015,io android,2,0,0.2.0
org.wso2.appserver,test-common,16-9-2015,testing server,2,0,5.3.0
com.ibm.ibmos2spark,ibmos2spark_2.11,11-10-2017,spark ibm,3,0,0.0.9
int.esa.nmf.core.moservices.api,platform,24-4-2018,api platform,1,0,1.2.0
com.github.unafraid.telegram-apis,InlineMenuAPI,24-4-2020,github api,10,0,1.0.8
eu.dozd,mongo-mapper,26-10-2017,mapping mongodb,11,0,1.0.10
org.cache2k,cache2k-osgi-all,7-8-2020,cache osgi,11,1,1.3.2.Alpha
org.allurefw.report,packages-plugin,31-10-2016,plugin report,2,1,2.0-M1
io.brooklyn,brooklyn-jmxrmi-agent,31-3-2014,agent io,12,1,0.7.0-M1
com.github.sadath42,grammarbot-client,18-12-2018,github client,1,0,0.0.1
com.moz.kiji.schema,cdh5-bridge,8-3-2016,bridge schema,2,34,3.0.1
fr.nicolaspomepuy.androidwearcrashreport,crashreport-mobile,27-9-2015,mobile android,6,0,0.6
com.cognitect.aws,ec2-instance-connect,8-11-2019,amazon aws,3,0,770.2.568.0
org.femtoframework.service,service-spi,17-11-2019,service interface,1,2,7.0.0
io.github.jsoagger,jsoagger-jfxcore-preloader,20-1-2020,github io,4,2,1.0.3
com.github.answerzdigital,mychehara,12-11-2016,github android,3,0,0.0.4
com.google.dagger,hilt-android,17-7-2020,google android,4,4,2.28.3-alpha
com.directual,utils-kafka,5-6-2016,kafka streaming,2,0,0.8-SNAPSNOT
com.baidubce.formula,route-spring-boot-starter,4-6-2020,spring starter,6,1,2.1.1.1
com.bladejava,blade-redis,14-10-2015,redis database,5,0,1.2.3
org.rnorth,test-containers,22-6-2015,testing container,1,5,0.9.3
org.wso2.ei,mqtt-client,23-7-2020,mqtt client,4,0,1.1.0-alpha
com.liferay,com.liferay.adaptive.media.image.service,25-6-2020,image service,108,0,4.0.10
org.wso2.carbon,org.wso2.carbon.sample.transport.file,15-7-2020,transport example,9,1,5.2.13
org.jahia.archetypes,jahia-templatesSet-archetype,7-8-2020,archetype maven,11,0,4.2
org.oiue.services,org.oiue.service.debug.treecache,15-7-2017,service debug,2,0,1.0.1
net.osgiliath.framework,net.osgiliath.feature.validation,19-8-2015,framework validation,4,4,0.2.3
com.puresoltechnologies.purifinity.server,common.rest,17-3-2016,server rest,2,4,0.4.1
org.eclipse.concierge,org.eclipse.concierge.service.xmlparser,13-11-2018,eclipse service,1,0,5.0.0
com.popdeem.sdk,sdk,11-12-2017,sdk android,20,0,1.2.9.10
io.github.lorenzobettini.xtextutils,releng,4-6-2020,github io,4,0,0.2.0
org.hotswapagent,hotswap-agent-el-resolver-plugin,9-6-2020,plugin agent,5,1,1.4.1
com.thoughtworks.deeplearning,array2d_2.11,20-12-2016,machine-learning deep-learning,4,0,1.0.0-M3
io.openmessaging,openmessaging-connector,25-11-2019,io connector,2,0,0.1.1
org.codehaus.javancss,javancss,31-7-2014,codehaus analysis,2,2,33.54
com.github.wheaties,twotails-annotations_2.12.1,19-1-2017,github annotations,1,1,0.3.1
org.openimaj.hadoop.tools,core-hadoop-tool,9-2-2020,tools hadoop,8,5,1.3.10
com.github.frist008,nixloader,15-9-2016,github android,14,2,1.0.14
com.github.tminglei,slick-pg_circe-json_2.13,1-8-2020,github json,5,1,0.19.2
io.bitsensor.plugins,bitsensor-plugin,1-11-2018,plugin io,18,0,4.0.3
com.io7m.coffeepick.gui,com.io7m.coffeepick.gui.controller,12-4-2020,controller io,1,3,0.2.0
com.anrisoftware.resources,resources-api,26-5-2020,resource api,10,7,4.5.2
eu.benschroeder,test-suite-testng,17-7-2020,testing testng,3,0,0.3
org.librarysimplified,org.librarysimplified.ui.errorpage,21-7-2020,ui android,10,3,5.5.1
com.github.egatlovs,variable-management,12-5-2018,github management,1,0,2.0.0
com.outr,smartystreets-scala-sdk_2.11,22-4-2019,sdk scala,16,0,1.0.17
net.sf.jped.plugins,jped-xpdl-view,20-5-2008,plugin view,1,0,2.0
com.propensive,rapture-http-json_2.10,27-4-2017,json http,4,1,2.0.0-M9
com.cornfluence,proteus_2.11,5-7-2015,arangodb client,2,0,0.4.0
net.debasishg,redisclient_2.11,3-5-2020,redis client,16,6,3.30
org.scalameta,parsers_native0.3_2.11,17-5-2019,scala parser,22,2,4.1.10
com.github.marcus-nl.btm,btm-docs,24-12-2016,github doc,1,0,3.0.0-mk1
com.github.percychuang,modest-starter,9-4-2018,github starter,1,1,0.0.1
com.github.cuzfrog,simple-sri-test-utils_sjs0.6_2.12,22-12-2017,github testing,2,0,0.3.0
com.sdl.dxa.modules,dxa-module-context-expressions-legacy,25-7-2017,module expression,2,0,2.0.0-CTP2
de.bmiag.tapir,tapir-launch-and-report-aggregator,5-6-2020,aggregation report,9,0,3.5.0
io.gupshup.developer,gs-bot-sdk-java,23-7-2017,sdk io,1,0,1.0.0
com.bluecirclesoft.open,json-jee7-reader,25-1-2019,reader json,22,2,0.27
com.puresoltechnologies.purifinity.server,logger,17-3-2016,server logging,2,7,0.4.1
io.github.cquiroz,scalajavatime_2.11,9-3-2017,io github,2,0,2.0.0-M9
io.github.pchain-org,utils,14-1-2020,github io,1,3,1.0.1
io.github.espresso4j,espresso,11-11-2018,io github,5,3,0.3.2
com.github.xuwei-k,msgpack4z-play_sjs0.6_2.13,27-5-2020,github serialization,3,0,0.8.0
io.bitsensor.plugins,bitsensor-core,1-11-2018,plugin io,18,13,4.0.3
uk.gov.hmrc,worldpay-report-generator_2.10,8-1-2015,generator report,2,0,0.1.1
com.github.techguy-bhushan,xss.filter,4-5-2018,github filtering,2,0,1.0.2
com.github.simondan,ojcms-beans,16-7-2017,github beans,1,1,0.1-beta
bd.com.ipay.sdk,sdk-android-ktx,6-11-2018,sdk android,1,0,1.0.5
systems.manifold,manifold-image-test,7-8-2020,testing image,75,0,2020.1.23
io.probedock.client,probedock-itf,7-8-2015,client io,1,1,0.1.0
org.trellisldp.ext,trellis-aws-rds-app,30-5-2019,amazon aws,4,0,0.1.3
io.provis,provisio-model,14-8-2018,model io,63,4,0.1.56
org.wso2.carbon.analytics,org.wso2.carbon.analytics.eventsink.template.deployer,6-12-2019,template analytics,57,1,1.4.3
net.lightbody.bmp,browsermob-proxy,11-9-2017,proxy http,14,3,2.1.5
com.razie,20widgets-swing_2.8.1,3-11-2014,swing ui,1,1,0.2
net.liftmodules,aws-sns_2.10,6-4-2013,amazon aws,6,0,2.5-RC4-1.0.2
com.github.xuanyue202,composer-sdk-java-common,22-12-2017,github sdk,3,2,0.16.2
org.wso2.carbon.identity.inbound.provisioning.scim2,org.wso2.carbon.identity.inbound.provisioning.scim2.common.feature,24-11-2017,identity provisioning,1,0,2.0.19
dev.zio,zio-s3_2.12,29-6-2020,aws s3,4,0,0.2.2
com.springml,spark-salesforce-wave_2.10,6-8-2015,spark salesforce,1,0,1.0.0
org.bluestemsoftware.open.eoa.ext,spring-naming-context,21-11-2010,spring naming,3,0,0.8.5.0
com.wesleyhome.johksoftware.resource,file-resource-loader,4-3-2012,loader resource,1,0,2.0.0
io.github.matrixainetwork,rlp,25-9-2019,io github,3,1,1.0.2
org.hawkular.metrics,hawkular-metrics-load-tests,2-7-2018,testing metrics,27,0,0.28.5.Final
com.github.pheymann,typedapi-server_2.12,7-9-2018,github server,9,2,0.2.0
com.softwaremill.sttp.client,httpclient-backend_2.13,7-8-2020,http client,36,3,2.2.4
com.bacoder.jgit,org.eclipse.jgit.java7,7-9-2013,eclipse git,2,1,3.1.0-2013090...
io.youi,youi-spatial_2.11,26-8-2019,io spatial,97,1,0.11.25
org.mil-oss,fgsms-automated-reporting-service,12-3-2017,service reporting,1,1,7.0.0
org.wso2.carbon.transport,org.wso2.carbon.transport.local-file-system,20-11-2017,system transport,20,1,6.0.49
org.eclipse.birt.runtime.3_7_1,org.eclipse.datatools.connectivity.oda.flatfile,9-3-2012,eclipse runtime,1,1,3.1.1
com.github.datalking,play-mvc,3-7-2018,github mvc,3,1,0.1.1
org.scalatra,scalatra-fileupload,22-2-2013,web-framework scala,48,3,2.5.4
com.ocpsoft.rewrite,rewrite-logging-jboss,21-11-2012,logging jboss,3,0,1.0.0.Alpha3
io.backchat.inflector,scala-inflector_2.9.1,11-10-2012,scala io,3,7,1.3.5
com.mercateo,ktor-server-lambda-core,10-6-2019,server lambda,12,0,1.0.0
com.pushbullet,android-extensions,7-7-2014,extension android,1,0,1.0.4
org.codingmatters.poom,poom-services-report-service,18-9-2019,service report,10,0,1.10.0
com.github.rayboot.aliimagesdk,aliimagesdk,24-9-2015,github android,1,0,1.0.0
com.github.fommil,spray-json-shapeless_2.10,27-5-2017,github json,5,7,1.4.0
org.kathra,kathra-codegen-swagger,28-7-2020,api swagger,3,0,1.2.0
org.cache2k,cache2k-jcache-api,29-12-2017,cache api,9,1,1.0.2.Final
rubygems,test-unit,28-3-2015,ruby testing,1,1,3.0.3
com.io7m.mutable.numbers,com.io7m.mutable.numbers.documentation,7-12-2017,doc io,4,0,2.0.0
org.apereo.cas,cas-server-support-u2f,24-7-2020,support server,87,5,6.3.0-RC1
com.viajobien,scala-pdf_2.10,8-8-2018,pdf scala,2,0,0.1.1
com.redhat.lightblue.generator,lightblue-java-generator-lib,8-7-2019,generator library,6,2,0.1.5
com.liferay,com.liferay.document.library.file.rank.api,25-6-2020,library api,31,0,3.2.2
com.blockchyp,blockchyp-java,2-7-2020,payment processing,25,0,2.3.7
com.io7m.jcanephora,io7m-jcanephora-documentation,27-12-2016,doc io,19,0,0.53.1
org.littleshoot,tcp-framing,14-5-2013,network tcp,1,2,1.0.3
io.nuls.sdk,sdk-contract-vm,11-9-2019,sdk io,18,0,2.0.0.RELEASE
io.apisense,dart-generator,6-3-2018,generator io,14,1,1.4.4
com.github.bytegriffin,get4j-cluster,25-9-2019,github cluster,6,0,1.2.0
io.github.CyberAgent,scalapbc_2.12,22-7-2019,io github,3,0,0.9.3
io.underscore,compose-player_2.11,3-9-2016,player io,2,0,0.5.0
org.outerj.daisy,daisy-htmlcleaner,4-4-2006,html parser,1,1,1.4.1
com.github.vencent-lu,giants-web-parent,29-11-2017,github web,6,0,1.1.1
io.jeo,jeo-sql,28-4-2016,io sql,2,3,0.7
io.mraa.at.upm,upm_grovegsr,27-2-2018,io android,4,0,1.6.0
com.github.jpmorganchase.sandboni,sandboni-scm,10-7-2020,github scm,43,1,1.1.39
com.github.ucomdigital,ssoCore,22-4-2020,github android,13,1,0.2.3
org.spire-math,cats-macros_2.11,9-11-2015,math macro,4,10,0.3.0
org.json4s,muster-codec-json4s_2.11,4-8-2014,json codec,2,0,0.3.0
io.wcm.caravan,io.wcm.caravan.pipeline.parent,24-4-2017,pipeline io,5,0,1.1.2
com.jayway.restassured,dist-xml-path,8-1-2014,distribution xml,1,0,2.2.0
org.locationtech.geowave,geowave-service-client,5-3-2020,service client,3,1,1.1.0
ch.codeblock.qrinvoice.tests,qrinvoice-tests-rest,23-2-2020,rest testing,1,0,1.6
fr.matthieu-vergne,benchmark-samples,1-12-2014,example benchmark,2,0,1.1
com.tangorabox,component-inspector-swing,8-6-2020,swing ui,2,2,1.0
org.dataconservancy.pass.notify,notification-model,12-6-2020,model notification,3,4,0.1.0-3.4
com.github.Andy-Shao,GearEE-Spring,22-3-2018,github spring,11,0,3.2.10.RELEASE
io.tracee.backend,tracee-threadlocal-store,31-10-2016,tracing io,19,10,1.2.0
com.symphony.platformsolutions,symphony-api-client-java,21-7-2020,client api,59,1,1.1.9
com.projectdarkstar.tools.build,sgs-build-utilities,15-8-2011,tools build,3,0,1.2
cloud.piranha.servlet,piranha-servlet-servletcontainerinitializer,13-4-2020,servlet cloud,2,2,20.4.0
cz.cesnet.cloud,jocci-api,25-7-2016,cloud api,13,0,0.2.6
com.sksamuel.hadoop-streams,hadoop-streams-core_2.11,25-1-2016,hadoop streaming,2,0,0.9.1
com.github.zgqq,flycat-springboot-security,31-10-2019,github security,1,1,0.1.2
de.adorsys.aspsp,aspsp-mock-server,23-10-2018,mock server,10,0,1.10-RC1
io.femo,http-ws-jdk7,18-8-2016,io http,1,0,0.0.1
io.cloudsoft.jclouds.labs,vcloud-director,13-6-2014,cloud io,6,0,1.7.4-ea-broo...
org.langrid,jp.go.nict.langrid.client.soap,24-10-2019,soap client,13,2,1.1.1
com.github.avarabyeu.jashing.extensions,jashing-jira,26-6-2015,github extension,3,0,0.0.3
org.opendaylight.messaging4transport,messaging4transport-features,20-10-2016,messaging transport,5,1,1.0.4-Berylli...
com.magicmicky.habitrpgwrapper,lib,16-6-2015,library android,4,0,1.8
io.github.jmcleodfoss,msg-parent,16-5-2020,github io,1,0,1.0.0
tools.dynamia,tools.dynamia.zk.reports,16-5-2019,tools report,2,1,3.6.1.Final
org.codehaus.gant,gant_groovy2.2,14-5-2014,groovy codehaus,2,1,1.9.11
io.bootique.jersey,bootique-jersey,5-8-2020,io webservice,11,11,1.2
edu.amherst.acdc,acrepo-build-tools,2-1-2017,tools build,4,0,0.2.0
org.wso2.carbon.mediation,org.wso2.carbon.mediator.xquery.ui,30-7-2020,ui xquery,138,1,4.7.60
com.nrinaudo,kantan.csv_sjs1_2.12,27-5-2020,csv tabular,1,14,0.6.1
com.github.bjuvensjo,rsimulator-http,14-12-2019,github http,10,0,2.1.8
io.github.pityka,nspl-shared-jvm_2.11,30-10-2017,github io,3,2,0.0.19
com.toasttab.android,gummy-bears-api-28,6-2-2020,api android,2,0,0.1.0
org.http4k,http4k-template-pebble,10-8-2020,template http,296,0,3.256.0
net.coding.chenxiaobo,framework-extension,20-5-2015,framework extension,5,0,1.2.2.RELEASE
com.github.acsgh.mad.scala,core_2.13,24-7-2020,github scala,18,7,1.0.3
cc.tracyzhang,library,3-1-2016,library android,1,0,1.1.1
me.jeffshaw.harmony,harmony_cats0-9-0_scalaz7-2_sjs0.6_2.11,21-2-2017,scalaz scala,2,0,1.1
com.covisint.platform.organization.client,organization-client,22-4-2015,client platform,1,0,1.0.0.RELEASE
com.github.gchudnov,metrics-thread_2.12,13-11-2019,github metrics,2,0,0.9.1
org.wicketstuff,wicketstuff-logback,21-7-2020,wicket logging,102,1,9.0.1-M3
net.sf.javaprinciples.data,data-api,26-3-2014,data api,11,3,4.0.0
cn.fxbin.bubble,bubble-fireworks-starter-test,30-6-2020,testing starter,3,0,0.0.5-RELEASE
com.github.arnabk,java-dogstatsd-client,17-8-2016,github client,5,1,1.0.4
org.eclipse.dirigible,dirigible-core-scheduler,25-6-2020,eclipse scheduling,35,15,5.0.0
org.wso2.carbon.extension.analytics.receiver,org.wso2.carbon.extension.analytics.receiver.feature,30-9-2016,analytics extension,1,0,1.0.0
io.qaclana,qaclana-server-options,16-2-2017,server io,1,0,0.1.6510815
io.featurehub.composites,composite-test,23-7-2020,testing io,1,0,1.1
io.mypojo,launcher,27-12-2015,io launcher,3,0,0.0.3
io.wcm.caravan,io.wcm.caravan.hal.comparison,26-9-2018,comparison io,1,0,1.0.0
com.liferay.commerce,com.liferay.commerce.notification.service,25-6-2020,notification service,36,0,1.0.36
pl.msitko,xml-lens-io_sjs0.6_2.12,20-5-2018,xml io,7,1,0.1.0
com.github.molecule-labs,molecule-parsers_2.11,18-9-2015,github parser,1,0,0.5.4
io.mraa.at.upm,upm_bh1750,5-12-2018,io android,6,0,1.7.1
com.github.marcospereira,play-hocon-i18n_2.11,26-6-2017,github i18n,4,0,1.0.1
com.pushtorefresh.storio3,sqlite-annotations,20-12-2017,sqlite annotations,1,1,3.0.0
org.n52.sensorweb-server.sos,sos-api-netcdf,23-7-2020,server api,8,3,5.3.0
org.wso2.appserver,ui-pages,16-9-2015,ui server,2,1,5.3.0
io.neow3j,crypto,30-7-2020,io cryptography,16,3,3.1.0
org.wildfly,wildfly-osgi-http,22-6-2013,http osgi,2,0,8.0.0.Alpha2
io.github.yannick-cw,snapshot_2.12,24-11-2017,github io,1,0,0.1.0
io.waylay.kairosdb,kairosdb-scala_2.13,27-3-2020,scala io,3,0,5.0.0
io.github.pchain-org,rlp,15-1-2020,github io,1,1,1.0.1
com.github.cafdataprocessing,workflow-to-js-transformer,12-12-2018,github workflow,2,1,2.0.0-250
org.jbpm,jbpm-examples,31-7-2020,bpm example,123,1,7.41.0.Final
com.github.sanskrit-coders,couchbase-lite-desktop_2.12,19-1-2018,desktop github,5,0,1.7
com.audienceproject,simple-arguments_2.11,29-10-2018,cli parser,3,0,1.0.2
cn.yunlingfly,qiniu-spring-boot-starter,24-3-2019,spring starter,3,0,0.2-RELEASE
com.slamdata,fs2-ssh_2.12,4-2-2020,network ssh,14,1,1.1.0
org.jupyter-scala,ammonite-runtime_2.12.2,10-5-2017,scala runtime,3,5,0.8.3-2
io.katharsis,katharsis-client,14-5-2017,io client,7,5,3.0.2
com.github.bjoernpetersen,musicbot-desktop,21-5-2017,desktop github,1,0,0.1.0
com.whisk,docker-testkit-impl-spotify-shaded_2.13,23-6-2019,docker testing,1,0,0.9.9
com.amysta.jclouds.provider,rackspace-cloudloadbalancers-uk,27-10-2016,provider cloud,2,1,2.0.1
io.kamon,kamino-reporter_2.11,3-9-2018,reporter io,6,0,1.1.2
io.logspace,logspace-hq-webapp,27-2-2018,webapp io,2,1,0.3.1
com.github.vladimir-bukhtoyarov,gc-monitor,17-10-2018,github monitor,1,0,1.0.0-RC2
com.fotonauts,lackr,26-3-2014,http proxy,1,0,0.9.1
com.pontusvision,janusgraph-lucene,16-6-2019,index lucene,3,2,100.3.2.1
com.wuyushuo,spring-cookie-boxes-boot-starter,5-8-2020,spring starter,31,1,1.4.6
io.github.jmcardon,tsec-jwt-mac_2.13,3-6-2020,github io,5,2,0.2.1
org.eclipse.rdf4j,rdf4j-rio-datatypes,7-8-2020,rdf eclipse,75,17,3.3.1
com.github.zw201913,simple-http,5-6-2019,github http,1,0,1.0.0.RELEASE
com.github.rabitarochan,play2-chainaction_2.11,24-10-2014,github play-framework,1,0,0.1
com.pastdev.liferay,com.pastdev.liferay.scripting-api,5-12-2018,api scripting,15,1,1.023
com.jwebmp,guiced-swagger,10-4-2019,api swagger,4,0,0.66.0.1
com.datastax.oss,dsbulk-connectors-csv,21-7-2020,connector csv,1,2,1.6.0
org.danilopianini,stream-extensions,5-1-2017,extension streaming,1,0,0.1.0
com.johnsnowlabs.nlp,spark-nlp-gpu_2.11,4-8-2020,nlp spark,37,0,2.5.5
com.github.mrkenitvnn,myG-develop,25-4-2017,github android,1,0,1.0.4
de.cyclon-softworx,jwebform-spring-boot-starter,3-4-2019,spring starter,3,0,0.0.13
io.radicalbit,flink-streaming-spec_2.10,22-9-2017,streaming io,1,0,0.0.1
com.github.born2snipe,dependency-check-extension,26-4-2017,github extension,1,0,0.0.1
io.jasonleehodges,kotlin-ports_2.12,22-10-2018,io kotlin,2,0,0.1.2
com.lodsve,lodsve-framework-bom,19-3-2020,bom framework,2,0,2.7.6-RELEASE
org.jboss.man,jboss-man-dist,25-4-2010,distribution jboss,6,0,2.0.0.GA
com.puresoltechnologies.genesis,commons.cassandra,5-3-2016,cassandra database,5,2,0.4.0
org.netbeans.external,ValidationAPI,6-8-2020,ide netbeans,6,1,RELEASE120-1
org.picocontainer.script,picocontainer-script-core,3-7-2014,container scripting,4,10,2.2
com.eurodyn.qlack2.be,qlack2-be-workflow-api,18-6-2020,workflow api,22,3,2.3.18
com.github.kalessine,sdmx-sax-parser,20-3-2020,github parser,1,0,0.2
io.bullet,borer-compat-circe_2.13,24-7-2020,io compatibility,7,0,1.6.1
net.sourceforge.owlapi,owlapi-gwt-parent,30-10-2019,gwt ui,4,0,4.3.2.1
org.hudsonci.plugins,project-stats-plugin,25-3-2013,plugin stats,1,0,0.4-h-1
io.github.voidzombie,nhglib-core,18-12-2016,github io,3,0,0.1.1
es.ucm.fdi.grasia.faerie,assembly-descriptors,31-7-2012,assembly descriptor,4,0,1.2.9
io.craftcode,craft-atom-test,17-7-2015,testing io,5,10,3.1.2
com.github.advantageous,qbit-web,20-8-2015,github web,4,0,0.8.19-RC2
org.opendaylight.bgpcep,bgp-topology-provider-config,3-6-2014,provider config,1,1,0.3.0
net.liftmodules,amqp_2.10,6-4-2013,queue amqp,6,0,2.5-RC4-1.2
com.github.zgqq,flycat-queue-ali,31-10-2019,github queue,1,0,0.1.2
com.github.clans,fab,28-5-2016,github android,16,12,1.6.4
com.github.wshackle,crcl4java-ui,1-5-2018,github ui,7,2,1.8
com.acrolinx.client,sidebar-sdk,27-2-2020,sdk client,48,0,1.2.13
org.dojotoolkit,custom_rhino,17-5-2007,scripting javascript,2,4,0.9.0
org.mybatis.scala,mybatis-scala-core_2.10,19-1-2014,persistence scala,2,0,1.0.2
net.take,blip-sdk,17-4-2017,sdk android,6,0,0.0.19
io.openscore,queue,5-3-2015,io queue,3,0,0.1.266
com.liferay,com.liferay.web.proxy.web,25-6-2020,web proxy,56,0,4.0.7
io.getlime.security,powerauth-restful-security,11-10-2016,security io,6,0,0.12.0
com.github.ydespreaux.testcontainers,testcontainers-build,3-5-2019,github build,7,0,1.2.4
org.springframework.xd,spring-xd-hadoop,10-2-2015,spring hadoop,2,1,1.0.4.RELEASE
io.pravikant,rtledittext,1-6-2018,io android,1,0,1.0.0
io.github.bergturing,point-parent,23-5-2019,github io,1,0,0.0.2-RELEASE
com.couchbase.client,scala-client_2.12,4-8-2020,client scala,8,1,1.0.7
com.github.alexarchambault,case-app-annotations_sjs1_2.13,25-6-2020,github annotations,8,3,2.0.4
io.seata,seata-codec-all,20-12-2019,codec io,7,5,1.0.0
org.parboiled,parboiled-core,24-6-2019,parser generator,19,12,1.3.1
com.contactlab.hub,sdk-scala,5-6-2018,sdk scala,2,0,1.1.3
com.davfx,ninio,1-6-2017,http client,25,0,1.0.99
me.johnniang.wechat,wechat-starter-boot-spring,7-3-2019,spring starter,2,0,0.0.4
io.github.egonw.bacting,bacting-core,9-8-2020,github io,5,8,0.0.13
org.typelevel,scodec-protocols_2.11,9-12-2014,protocol codec,4,0,0.5.0
org.jfarcand,jersey-ahc-client,4-4-2014,client webservice,2,1,1.0.5
de.otto.synapse,synapse-aws-kinesis,6-8-2020,amazon aws,59,2,0.22.12
com.kagurabi.contrib,kaugra-rest-connector,25-1-2018,rest connector,1,0,1.6
io.argonaut,argonaut_2.9.3,21-4-2014,io json,10,22,6.0.4
com.softwaremill.sttp.client,model_2.12,3-12-2019,model client,15,2,2.0.0-RC4
net.officefloor.web,woof_test,29-7-2020,testing web,31,38,3.26.0
org.openehealth.ipf.platform-camel,ipf-platform-camel-ihe-fhir-dstu2,30-11-2018,platform camel,14,0,3.6-20181130
org.incode.module.slack,incode-module-slack-dom,15-1-2019,module dom,2,2,1.17.0
ai.houyi,dorado-swagger,3-7-2019,api swagger,26,1,0.0.51
com.github.cjhit,fdp-example,19-7-2020,github example,1,0,1.0.0
org.jtwig,jtwig-spring-csrf-extension,10-9-2017,spring extension,1,0,5.86.1.RELEASE
ru.fix,aggregating-profiler-prometheus,5-8-2020,profiling prometheus,11,0,1.6.6
org.reactivemongo,reactivemongo-bson-monocle_2.11,18-7-2020,bson mongodb,34,1,1.0.0-noshade...
ai.h2o,xgboost4j-linux-ompv4,27-2-2020,unix linux,20,0,1.0.0.11
xyz.lxie,spring-boot-starter-feign,4-11-2016,spring starter,1,0,1.0.0
org.scala-lang.plugins,scala-continuations-plugin_2.12.1,21-4-2017,plugin scala,1,0,1.0.3
com.ashokvarma.android,sharedpref-manager-no-op,27-10-2018,manager android,8,0,1.1.0
com.linecorp.armeria,armeria-spring-boot2-webflux-starter,4-8-2020,spring starter,2,0,0.99.9
enterprises.orbital,oauth,1-1-2018,authentication oauth,6,1,2.4.0
net.java.trueupdate,trueupdate-agent-servlet,27-2-2016,servlet agent,9,1,0.8.1
com.github.lemonboston,android-investigator,1-3-2016,github android,3,0,1.0.0
com.github.fluidsonic,fluid-time-jdk7,15-10-2019,github time,1,0,0.9.13
me.snowdrop,narayana-spring-boot-starter-it,3-7-2020,spring starter,11,0,2.3.1
se.vgregion.oppna-program-account-management,oppna-program-account-management-core-bc-composite-camel,1-2-2012,management camel,1,2,1.0
de.tudarmstadt.ukp.dkpro.core,de.tudarmstadt.ukp.dkpro.core.api.metadata-asl,10-9-2018,metadata api,12,69,1.10.0
io.micronaut.configuration,micronaut-netflix-ribbon,10-2-2020,config io,7,1,1.1.0
io.github.aritzhack,aritzh-core,9-6-2016,github io,35,3,5.0.1
org.wso2.carbon.business-process,org.wso2.carbon.bpmn.feature,16-7-2020,business process,122,0,4.5.35
org.codefeedr,codefeedr-plugin-rss_2.12,7-3-2019,plugin rss,1,0,0.1.0
co.windly,ktx-account-runtime,15-3-2020,runtime android,7,1,1.1.4
com.github.cico216,mnt-base-aggregation,26-4-2020,github aggregation,4,0,1.1.2
findbugs,bcel,11-10-2005,analysis bytecode,1,1,5.1
org.scala-js,scalajs-ir_2.12.0-M3,18-3-2016,scala scalajs,4,1,0.6.8
net.sourceforge.jeuclid,jeuclid-swt,12-2-2010,ui swt,4,0,3.1.9
de.adorsys.psd2,xs2a-logger-web,31-7-2020,logging web,29,4,7.7
com.github.megafonweblab.histone,histone-acceptance-test-cases,26-1-2015,github testing,2,0,1.2.16
org.molgenis,molgenis-data-rest,13-5-2020,rest data,82,6,7.4.9
com.sflpro.identity,identity-core-services,20-2-2018,service identity,1,2,0.0.4
org.osgi,org.osgi.service.prefs,18-8-2015,service osgi,1,2,1.1.1
org.rrd4j,rrd4j-cassandra,13-12-2019,cassandra database,3,0,1.2
io.isomarcte,http4s-active-requests-core_2.11,9-10-2019,io http,7,0,0.2.0
com.github.mstream-trader,commons-config,22-11-2016,github config,17,5,1.16
com.github.chaojunzi,chao-cloud-parent,3-1-2020,github cloud,5,0,1.0.8
org.knowm.xchange,xchange-stream-service-pusher,7-7-2020,service streaming,2,2,5.0.1
io.micrometer,micrometer-graphite-starter,11-9-2017,io starter,6,1,0.11.0.RELEASE
org.hawkular.titan,titan-hbase-parent,7-4-2016,hbase database,1,0,0.5.4-jboss-1
com.github.jeuler,android-segmented,24-2-2018,github android,1,0,1.0.8
com.innoventsolutions.birt.runtime,org.eclipse.equinox.common_3.10.0.v20180412-1130,31-8-2018,eclipse runtime,1,1,4.8.0
org.gatein.pc,pc-test-jboss51,23-5-2012,testing jboss,10,0,2.3.2-GA
com.btmatthews.jaxb2_commons,jaxb2-commons,21-9-2013,xml binding,1,0,1.0.0
com.softwaremill.macwire,macros_2.12,22-6-2020,macro dependency-injection,9,15,2.3.7
com.github.szenasimartin,preferenceelement,23-11-2015,github android,1,0,0.1
io.buoyant,linkerd-protocol-mux_2.12,10-6-2020,io protocol,38,0,1.7.4
com.launchdarkly,launchdarkly-client-consul-store,15-1-2019,client consul,1,0,1.0.0
com.github.siwenyan,common_web,30-7-2020,github web,18,1,1.21.1
com.github.saadfarooq,khoji-annotations,30-1-2018,github annotations,7,1,0.0.7
com.aestasit.infrastructure.winrm,groovy-winrm-mock,17-7-2015,mock groovy,2,1,0.2
io.github.oleksiihorbenko,fsm,1-5-2020,github io,2,0,1.4.1
drools,drools-annotation,20-9-2005,rule-engine annotations,2,1,2.0
pl.wrzasq.commons,commons-aws,14-6-2020,amazon aws,31,13,1.1.5
com.societegenerale,github-crawler-parent,28-6-2018,github crawler,1,0,1.0.2
org.craftsmenlabs.gareth,gareth-json-persistence,13-10-2016,persistence json,6,1,0.8.7
org.gatein.pc,pc-test-jboss42,23-5-2012,testing jboss,6,0,2.3.2-GA
io.github.definiti,core_2.12,31-7-2018,io github,3,3,0.3.0
io.servicetalk,servicetalk-log4j2-mdc-utils,8-7-2020,io logging,11,3,0.30.0
com.rainingsince,spring-data-base,27-5-2020,data spring,1,1,0.1.1
io.dropwizard.modules,dropwizard-java8-jdbi,28-10-2015,module io,6,1,0.9.0-1
com.klibisz.elastiknn,client-elastic4s_2.12,20-4-2020,elastic client,4,0,0.1.0-PRE30
io.pivotal,arca-utils,31-10-2018,io android,6,4,1.1.3
com.folio-sec,reladomo-scala-twitter-6.45-common_2.11,9-11-2017,scala twitter,9,0,16.6.1
it.tidalwave.bluemarine2.testsets,expected-metadata-amazon-autorip-fg-20170131-1,5-2-2017,amazon metadata,3,0,3
pl.touk.nussknacker,nussknacker-perf-test_2.11,9-8-2017,testing performance,3,0,0.0.6
org.platanios,tensorflow-horovod_2.12,25-10-2018,machine-learning tensorflow,6,0,0.4.0
com.devonfw.tools.ide,devonfw-ide-scripts,28-7-2020,tools ide,8,0,2020.04.004
de.mklinger.qetcher,qetcher-client-model-v1-mediatype,25-6-2020,model client,30,2,2.0.41
io.opentracing.contrib,opentracing-redisson,17-11-2018,tracing io,1,0,0.0.1
io.chrisdavenport,log4cats-noop_sjs1_2.13,12-5-2020,io logging,1,0,1.1.1
com.adobe.commerce.cif,core-cif-components-examples-bundle,4-8-2020,bundle example,4,0,1.2.0
org.wicketstuff,progressbar-spring,12-9-2012,spring wicket,20,1,1.5-RC5.1
org.ow2.kerneos,kerneos-flex-examples-modules-module2,3-10-2013,module example,2,0,2.2.1
com.liferay.commerce,com.liferay.commerce.shipping.engine.fixed.web,16-6-2020,web engine,32,0,1.0.31
com.github.ksoichiro,androidformenhancer-tests,3-6-2014,github testing,1,0,1.1.0
com.guicedee.services,undertow-websockets-jsr,8-8-2020,service websocket,303,1,62
struts,struts-html-el,23-12-2005,web-framework html,4,0,1.2.8
org.odpi.egeria,design-model-spring,1-8-2020,model spring,10,2,2.1
dk.cachet.carp.test,carp.test-metadata,14-7-2020,testing metadata,17,0,1.0.0-alpha.18
com.github.finagle,finch-circe_2.11,9-9-2019,github finagle,44,2,0.31.0
org.dkpro.tc,dkpro-tc-ml-deeplearning4j,16-3-2019,machine-learning deep-learning,4,0,1.1.0
io.rudin.cdi,cdi-entitymanager-api,3-3-2016,io api,12,1,1.13
io.taig,testf-scalacheck_2.12,10-4-2020,io scala,5,1,0.1.5
org.jboss.arquillian.graphene,graphene-webdriver-drone,9-1-2013,webdriver jboss,3,1,2.0.0.Alpha3
org.jresearch.commons.gwt.gwt2go,org.jresearch.commons.gwt.gwt2go.gwt2go,12-3-2018,gwt ui,11,0,1.0.10
de.adorsys.sts,keycloak-storage-provider,27-3-2020,provider storage,19,0,1.0.4
com.github.brianolsen87,text-instructions,20-1-2018,github text,4,0,0.11.3
org.everit.authorization,org.everit.authorization.qdsl.util.api,1-8-2019,authorization api,2,3,2.0.0
cn.imaq,autumn-rpc-integration,2-8-2020,integration rpc,1,0,2019.06
com.github.philcali,lmxml-template_2.9.1,22-3-2013,github template,3,1,0.1.3
io.github.msdk,msdk-featuredetection-msms,28-7-2019,github io,18,1,0.0.27
com.github.jcute,jcute-plugin-shutdown,17-5-2018,plugin github,1,0,0.1.2
org.scala-debugger,scala-debugger-tool_2.10,7-12-2016,scala debug,1,0,1.1.0-M3
io.actor4j,actor4j-core,31-1-2020,actor io,3,0,1.0.2
org.opendaylight.lispflowmapping,common.build.tools,10-8-2020,tools build,64,0,1.11.2
co.elastic.logging,java-ecs-logging-parent,1-10-2019,logging elastic,2,0,0.1.1
com.busymachines,pureharm-aws-cloudfront_2.13,24-7-2020,amazon aws,11,0,0.0.5-M3
com.github.baev,hamcrest-optional,22-6-2016,matching github,1,4,1.0
com.simplyti.cloud,ovn-client,11-3-2018,cloud client,1,0,1.0.0-rc4
org.springframework.integration,spring-integration-ws,22-7-2020,integration spring,132,3,5.3.2.RELEASE
ca.islandora.sync,islandora-sync-gateway,2-9-2016,gateway sync,2,0,0.0.2
io.mraa.at.upm,upm_hdc1000,27-2-2018,io android,4,0,1.6.0
com.github.duxvfeng,autoId-spring-boot,25-7-2020,github spring,3,0,1.0.2-RELEASE
org.typelevel,algebra_sjs0.6_2.12,28-2-2020,math algebra,8,22,2.0.1
cn.flyelf.cache,layer-cache-spring,23-4-2020,spring cache,2,1,2.0.1
io.mraa.at.upm,upm_emg,5-12-2018,io android,5,0,1.7.1
io.mosip.kernel,kernel-tokenidgenerator-service,6-2-2020,service io,2,0,1.0.6
org.t-io,tio-websocket-parent,7-8-2020,websocket io,63,0,3.6.2.v202008...
org.ow2.jonas,jonas-resource-monitor,1-10-2013,monitor resource,40,0,5.3.0
com.jwebmp.jre10,jwebmp-web-log-appender,23-9-2018,web logging,2,1,0.59.0.14
org.opendaylight.integration,distribution-artifacts,10-8-2020,integration distribution,29,0,0.12.2
com.github.lyjaeho,jizcode-api,21-7-2019,github api,8,1,1.0.14-BETA
io.soffa,soffa-tests,26-1-2020,io testing,4,0,0.3.3
com.ning.billing.plugin,killbill-plugin-api-currency,14-1-2014,plugin api,4,2,0.6.3
cn.chenzw.swagger,swagger-ext-core,9-6-2020,api swagger,2,1,1.0.1
eu.hinsch,spring-boot-extended-logging-properties,13-4-2015,logging spring,3,0,0.2.0
io.pebbletemplates,pebble-spring4,28-5-2020,spring io,22,1,3.1.4
com.github.nomou,nougat-web-context,20-7-2020,github web,9,0,1.0.11
org.sevensource.magnolia,magnolia-module-thymeleaf-renderer,19-5-2020,module render,1,2,1.4.0
org.wso2.carbon.analytics,org.wso2.carbon.sp.solutions.http.analytics.feature,21-8-2018,analytics http,8,1,2.0.402
com.ericsson.bss.cassandra.ecchronos,application,25-5-2020,cassandra database,14,1,1.1.2
com.h3xstream.findsecbugs,findsecbugs-samples-deps,28-10-2019,example xml,3,4,1.10.1
com.thoughtworks.xstream,xstream-benchmark,12-4-2020,xml benchmark,18,1,1.4.12
org.arquillian.smart.testing,known-surefire-providers,23-2-2018,provider testing,5,2,0.0.10
org.wso2.carbon.coordination,org.wso2.carbon.cluster.coordinator.service,12-2-2020,service cluster,24,10,2.1.7
com.arangodb,arangodb-java-driver-async,30-8-2019,asynchronous driver,47,4,6.0.0
com.github.jadeice,twoway,13-1-2017,github android,1,0,0.1.1
io.mosip.preregistration,pre-registration-datasync-service,3-7-2020,service io,4,0,1.0.9
org.spark-project.hive,hive-accumulo-handler,8-4-2016,accumulo spark,2,1,1.2.1.spark2
io.oasp.java.ide,oasp4j-ide-scripts,23-11-2016,ide io,2,0,1.4.0
io.udash,udash-bootstrap4_sjs1_2.12,13-5-2020,io bootstrap,1,0,0.9.0-M2
com.johnsnowlabs.nlp,spark-nlp-spark23_2.11,4-8-2020,nlp spark,2,0,2.5.5
io.data2viz,d2v-timer-js,4-12-2019,data io,15,4,0.8.0-RC5
com.github.czgov,camel-isds,1-11-2017,github camel,4,0,0.4.0
io.github.david-sledge,scalaioc_2.12,13-10-2019,github io,2,0,1.0.0-alpha.2
org.jboss.metrics,AutomatedMetricsApi,30-10-2015,jboss metrics,3,1,1.0.2.Final
org.diirt,datasource-loc,27-2-2018,data datasource,2,4,3.1.7
io.inkstand,inkstand-jcr-jackrabbit,25-5-2015,cms io,3,0,0.1.3
com.bytegain.analytics,analytics-wear,24-6-2019,analytics android,2,0,5.1.0
app.myoss.cloud.codestyle,code-format-eclipse,21-7-2020,eclipse cloud,10,0,2.1.6.RELEASE
com.github.fsanaulla,chronicler-ahc-io_2.12,20-1-2020,github io,19,0,0.6.4
io.github.datumcenter,io.gallery.util,26-7-2020,github io,1,0,0.0.1
com.fitbur.testify.junit,unit-test,18-2-2016,testing junit,13,1,0.1.3
com.adobe.marketing.mobile,userprofile,30-3-2020,mobile android,3,2,1.1.0
com.github.prt2121,kpop-plugin,6-3-2017,plugin github,2,0,0.1.2
org.odpi.egeria,access-services-user-interface,6-11-2019,service interface,4,0,1.1
com.qcloud.oceanus,flink-metrics-influxdb_2.11,14-6-2020,metrics influxdb,1,0,1.10.1
net.ettinsmoor,java-aws-mturk,1-10-2015,amazon aws,1,1,1.6.2
net.jkcode.jkmvc,jkmvc-orm,8-11-2019,persistence orm,1,1,1.8.0
com.puresoltechnologies.purifinity.server,passwordstore.test,17-3-2016,testing server,2,2,0.4.1
com.github.mlk,miniature-queue-core,29-3-2016,github queue,1,2,0.0.1
com.aoindustries,noc-monitor-api-book,11-4-2020,monitor api,1,0,1.0.0
io.wizzie,normalizer-model,11-10-2018,model io,3,1,0.6.1.2
org.arquillian.extension,arquillian-recorder-parent,22-12-2016,recorder extension,16,0,1.1.6.Final
io.zeko,zeko-validator,26-7-2020,io validation,5,1,1.1.0
com.drakeet.purewriter,sqlite,3-5-2019,sqlite android,1,0,1.0.0
com.revolsys.open,com.revolsys.open.orm,1-11-2012,persistence orm,3,0,2012.11.01.RE...
pl.matisoft,spring-soy-view,2-7-2015,spring view,27,3,2.0.0
com.github.widebase,widebase-server_2.9.1,24-5-2012,github server,1,0,0.1.0
org.odpi.egeria,information-view-spring,1-8-2020,spring view,13,2,2.1
org.mule.tests,mule-typed-value-extension,20-4-2018,testing extension,3,1,4.1.1
org.ancoron.glassfish.asadmin,org.ancoron.glassfish.asadmin.osgi-service,16-7-2012,service osgi,3,1,1.1.0-rc1
org.molgenis,molgenis-api-tests,3-8-2020,testing api,39,0,8.4.5
com.nhaarman,triad-kotlin-appcompat-v7,24-11-2016,kotlin android,2,0,0.22.1
com.github.kristofa,brave-jersey,6-5-2016,github webservice,18,0,3.7.0
com.automatak.lib4s,osgi4s_2.10.0,12-2-2013,library osgi,1,0,0.1.13-RC1
com.nrinaudo,kantan.regex-joda-time_2.10,3-7-2017,regexp time,11,0,0.2.0
com.github.dnault,xml-patch,21-3-2018,github xml,1,1,0.3.1
org.jboss.weld,weld-jboss-runner-tck11,17-10-2014,runner jboss,45,0,3.0.0.Alpha1
com.io7m.jpuddle,io7m-jpuddle-documentation,23-2-2017,doc io,3,0,0.3.0
com.fhuertas,cassandra-sink_2-2-1_2.10,30-3-2018,cassandra database,1,0,1.0.0
com.github.jonnylaw,gaussian-processes_2.12,6-1-2019,github process,1,0,0.1.0
mule,mule-ejb-provider,13-5-2006,ejb provider,7,0,1.3-rc4
io.hekate,hekate-consul,4-7-2020,io consul,8,3,3.10.0
io.severr,severr-java-client,30-11-2016,client io,1,0,1.0.0
com.github.jelmerk,hnswlib-scala_2.11,14-6-2020,github scala,45,2,0.0.45
com.habds,lcl-spring-examples,6-7-2017,example spring,13,0,1.0.2.RELEASE
io.soffa.core,soffa-core-data,30-6-2019,data io,1,0,0.1.0
io.github.jsoagger,jsoagger-webdev,24-9-2019,github io,1,0,1.0.0
org.bitbucket.gt_tech,spring-data-querydsl-value-operators,11-6-2019,data spring,4,0,4.0.0
org.hswebframework.web,hsweb-system-dictionary-local,26-10-2019,system web,11,1,3.0.10
org.wso2.carbon.analytics,org.wso2.carbon.analytics.analyzer.category.feature,6-12-2019,analyzer analytics,44,0,1.4.3
com.github.spoddutur,spark-phrase-extraction,20-7-2018,github spark,1,0,1.0
org.hammerlab,spark-json-relay,12-10-2015,json spark,4,0,2.0.1
org.seleniumhq.selenium,selenium-common,1-1-2011,testing selenium,7,21,2.0b1
com.blackducksoftware.plugins,protex-plugin-integration,21-7-2016,plugin integration,1,0,1.6
net.lizalab,kryo-slf4j,4-5-2015,logging slf4j,1,1,3.0.1
com.github.aoshiguchen.framework,asgc-authcode,16-1-2018,github framework,1,0,0.0.1
de.bmiag.tapir,tapir-ui-aggregator,5-6-2020,aggregation ui,9,0,3.5.0
online.sanen,excel,25-3-2020,excel spreadsheet,1,0,0.0.1
br.com.arsmachina,tapestry-url-rewriter,30-9-2013,url web-framework,2,2,2.0.0
io.reactivex,rxapache-http,1-10-2014,io http,1,0,0.21.0
org.codehaus.griffon.plugins,griffon-feedicons-plugin,28-6-2017,plugin codehaus,1,0,2.0.0
org.carrot2.lang,carrot2-lang-lucene-korean,14-7-2020,index lucene,5,0,4.0.0
io.circe,circe-testing_sjs0.6_2.12.0-RC2,2-11-2016,io testing,1,1,0.6.0-RC1
com.devonfw.starter,devonfw-microservices-starter,13-7-2019,starter microservices,3,0,3.1.0
com.marketo,marketo_plugin,2-11-2015,plugin android,2,0,2.1.0
io.gravitee.fetcher,gravitee-fetcher-http,30-1-2020,io http,12,0,1.10.0
com.github.denis-zhuravlev,recycler-header-adapter,29-11-2016,github android,1,0,1.0.0
com.ibm.websphere.appserver.features,com.ibm.websphere.appserver.openapiJaxrs20-3.0,30-7-2020,ibm server,23,0,20.0.0.8
org.wso2.carbon.identity.feature.category,org.wso2.carbon.identity.outbound.authentication.category.feature,14-12-2017,authentication identity,17,0,1.0.17
org.wso2.carbon.identity,identity-provider-feature,3-9-2015,provider identity,14,0,4.5.6
io.mraa.at.upm,upm_maxsonarez,28-2-2018,io android,4,0,1.6.0
org.jsonhoist,jsonhoist-spring-boot-autoconfigure,31-12-2018,config spring,2,0,0.8.1
com.badlogicgames.gdx,gdx-controllers-android,21-7-2020,controller android,37,1,1.9.11
com.weiglewilczek.scala-lang-osgi,scala-lang-osgi-parent_2.8.1.RC2,3-11-2014,scala osgi,1,0,2.8.1.RC2
com.yofish.platform,apollo-client,8-1-2020,client platform,1,0,1.0.0.RELEASE
io.github.doriordan,skuber_2.12,11-10-2017,io github,1,1,2.0.0-RC1
com.github.mwiede,metrics-feign,19-2-2018,github metrics,2,0,2.0
org.camunda.bpm.assert,camunda-bpm-assert-assertj3-9-1,17-5-2019,validation bpm,3,0,4.0.0-alpha1
org.jflux,org.jflux.api.services,17-10-2016,service api,12,13,0.2.5
org.wso2.carbon.deployment,javaee-feature,27-5-2019,deployment javaee,42,0,4.8.5
cloud.gouyiba,mybatis-max-core,9-7-2020,persistence cloud,3,1,1.0.5-RELEASE
zone.gryphon.do,digitalocean-java-model-manual,10-7-2019,digitalocean model,2,0,0.1.6-444a405
com.github.pkiep-reniec,aga_sdk_java,18-7-2019,github sdk,1,0,1.0.0
me.tatarka.shard,shard-host-ui-ktx,1-2-2020,ui android,4,0,1.0.0-beta03
co.bittub.api,core-event,16-9-2018,event api,1,0,1.0.0
org.jresearch.commons.gwt.base,org.jresearch.commons.gwt.base.pom,21-7-2019,gwt ui,7,0,1.0.203
org.codehaus.gant,gant_groovy2.0,14-5-2014,groovy codehaus,5,1,1.9.11
com.github.obase,obase-test,11-2-2018,github testing,8,0,1.2.0
fi.testee,testeefi-junit4,13-9-2017,testing junit,14,3,0.6.1
com.streamsets,streamsets-datacollector-spark-api,28-7-2020,spark api,45,0,3.17.0
io.buoyant,telemetry-core_2.11,17-11-2017,io telemetry,18,9,1.3.2
com.ixaris.oss,ixaris-commons-async-eclipse-transformed,4-6-2019,eclipse asynchronous,7,0,1.6.0
com.fnklabs.draenei,orm,4-4-2017,persistence orm,1,2,0.8.5
com.hds.hcpaw,anywhere-reporting-sdk,26-6-2020,sdk reporting,5,0,4.4.0.41
com.github.hengboy,api-boot-dependencies,19-3-2019,github api,1,0,0.1.1.RELEASE
io.buoyant,istio-proto_2.12,10-6-2020,protocol io,32,3,1.7.4
com.liferay,com.liferay.blogs.editor.configuration,25-6-2020,editor config,40,0,4.0.4
com.github.mliarakos.lagomjs,lagomjs-client_sjs1_2.13,30-5-2020,github client,1,1,0.4.0-1.6.2
org.eobjects.metamodel,MetaModel-couchdb,2-6-2014,couchdb database,34,1,3.4.11
com.jwebmp,guiced-persistence-ehcache,10-4-2019,persistence cache,8,0,0.66.0.1
com.liferay,com.liferay.user.groups.admin.api,26-6-2020,admin api,10,2,5.0.3
org.nosceon.titanite,titanite-view-mustache,1-11-2014,mustache view,5,1,1.3.0
org.xbib,io-compress-xz,4-6-2020,compression io,2,2,1.0.1
ch.exense.step,step-functions-plugins-java-controller-def,6-7-2020,plugin controller,13,1,3.13.6
net.lachlanmckee,gsonpath-extension-android,16-10-2017,android extension,2,0,1.1.0
com.github.alexarchambault,coursier-bootstrap,13-12-2015,github bootstrap,1,0,0.1.0-M2
struts,struts-bean,23-12-2005,web-framework beans,7,0,1.2.8
io.annot8,annot8-components-monitor,25-3-2019,monitor io,2,1,0.2.0
com.github.phantomthief,zkconfig-resources,11-2-2019,github resource,31,0,1.1.28
org.wso2.carbon.governance,ws-discovery-proxy,2-7-2020,proxy discovery,61,0,4.8.19
com.github.alexarchambault,case-app-annotations_sjs0.6_2.12,6-2-2020,github annotations,19,3,2.0.0-M13
org.wicketopia,wicketopia-spring-security,8-7-2013,security spring,6,1,1.4
com.hp.autonomy.hod,hod-sso-spring-security,29-7-2019,security spring,15,2,0.9.2
io.github.dataoperandz,cassper,31-5-2020,io github,10,0,0.10
com.optimaize.languagedetector,language-detector,7-10-2016,analyzer language,3,23,0.6
it.tidalwave.geo,forceten-examples,25-9-2012,example geo,1,0,1.0-ALPHA-1
com.facebook.litho,litho-stetho,21-8-2017,facebook android,5,0,0.6.0
org.eclipse.ditto,ditto-services-concierge,20-7-2020,service eclipse,19,0,1.1.3
com.anrisoftware.globalpom,globalpom-groovy-osgi,26-5-2020,groovy osgi,7,0,4.5.2
com.github.eagle6688,devutility.external.json,12-9-2019,github json,9,1,2.9.12
org.jclouds.labs,openstack-swift,28-4-2013,cloud openstack,34,0,1.6.0
org.codeconsole,webapp-analytics,9-2-2011,webapp analytics,1,0,0.6.1.RELEASE
com.kakao.mango,mango-hbase_2.11,3-2-2017,hbase database,1,1,0.5.0
com.scalar-labs,scalardl-java-client-sdk,15-6-2020,sdk client,9,0,2.0.8
org.jboss.logging,jboss-logging-logmanager,25-4-2010,logging jboss,4,4,2.2.0.CR2
org.lorislab.quarkus,log-cdi-deployment,25-6-2020,deployment logging,3,0,0.3.0
com.github.JoeKerouac,web-util,27-8-2018,github web,1,0,1.0
ru.mihaly4.httpsdkspec,java-http-sdk-spec,25-11-2018,sdk http,1,0,0.0.1
org.ff4j,ff4j-store-redis,12-6-2020,redis database,29,1,1.8.8
com.github.1991wangliang,sds-socket,26-1-2018,github socket,6,0,1.2.5
org.odpi.egeria,open-types-test-generator,3-8-2020,testing generator,7,1,2.1
com.ofwiki,pagehelper-spring-boot-starter,26-12-2019,spring starter,1,0,0.0.1
org.openmuc.framework,openmuc-driver-knx,29-7-2020,framework driver,6,0,0.18.1
org.http4s,http4s-servlet_2.10,4-12-2017,http servlet,133,2,0.16.6
me.chyxion.summer,summer-freemarker-support,1-12-2016,support template,1,1,0.0.1-RELEASE
com.github.stephanenicolas,toothpick-testing,15-5-2016,github testing,1,1,1.0.0-RC1
com.tencent.map,tencent-navi-search,6-6-2020,search android,5,1,1.2.1
com.github.qiubowang,mavenlibrary,28-8-2017,github android,1,1,3.0.6
com.github.cafdataprocessing,data-processing-family-task-submitter,6-7-2018,github data,3,1,1.4.0-148
com.snowplowanalytics,snowplow-scala-tracker-core_2.12,25-6-2019,tracking scala,5,2,0.6.1
org.oxerr.spring.security,spring-security-wechat-core,20-10-2018,security spring,2,1,0.0.3
org.jboss.arquillian.osgi,arquillian-osgi-common,17-10-2013,jboss osgi,1,3,2.1.0.CR1
com.io7m.smfj,com.io7m.smfj.tests,4-4-2020,testing io,6,0,0.15.0
com.github.finagle,finchx-circe_2.13,10-3-2020,github finagle,2,1,0.32.1
org.skinny-framework,skinny-micro-test_2.12,9-2-2020,testing framework,29,7,2.2.0
org.terasoluna.gfw,terasoluna-gfw-jpa-dependencies,17-6-2020,persistence jpa,58,0,5.6.0.RELEASE
com.carmatechnologies.commons,commons-testing-log4j2,11-12-2014,testing logging,2,0,1.0.1
com.jwebmp.inject,guice-bom,9-8-2019,bom dependency-injection,16,0,0.68.0.1
com.loopfor.scalop,scalop_2.12,6-5-2017,cli parser,1,1,2.2
com.alexvasilkov,gesture-views,4-2-2020,view android,20,3,2.6.0
com.github.euzee,permissionUtil,31-10-2017,github android,4,0,1.0.5
com.hhandoko,play24-scala-pdf_2.10,18-8-2019,pdf scala,3,0,4.2.0
com.github.lbitonti,deltaspike-dbunit,27-10-2015,github testing,1,0,0.5.0
com.wordnik,swagger-project_2.10.0-RC2,27-11-2012,api swagger,1,0,1.2.0
com.codebullets.saga-lib,saga-lib-guice,28-10-2019,library dependency-injection,24,0,3.4.0
com.github.edgar615,spring-boot-util-appkey,14-8-2019,github spring,8,0,0.2.11
com.nequi,nequi-api-client,30-7-2019,client api,4,0,1.0.3
io.sygna,sygna-bridge-util-j,27-7-2020,bridge io,3,0,2.0.2
net.sf.advanced-gwt,advanced-gwt,26-9-2013,gwt ui,2,1,2.0.9
com.lexicalscope.fluent-reflection,fluent-reflection-parent,12-2-2014,fluent reflection,8,0,0.1.5
com.credibledoc,credible-doc-generator,28-6-2020,generator doc,11,0,1.0.19
org.opendaylight.nemo,odl-nemo-engine-ui,11-12-2018,ui engine,14,1,1.4.4
org.wso2.carbon.devicemgt,device-mgt,30-10-2018,management device,400,0,4.0.6
org.sklsft.generator,generator-services,23-9-2019,service generator,17,2,3.1.0-M1-1
com.zengularity,benji-s3_2.12,24-7-2020,aws s3,8,0,2.1.6
com.nequissimus,kafka-streams-statsd_2.11,11-1-2019,kafka streaming,7,0,0.2.1
io.get-coursier,coursier-cache_2.13,31-7-2020,cache io,46,8,2.0.0-RC6-24
org.yuequan,hibernate-ext-multivalue-map,4-1-2019,hibernate persistence,1,0,1.0.0.BETA
com.facebook.presto,presto-function-namespace-managers,7-8-2020,manager facebook,18,2,0.239
com.youcruit,billogram-v2-api-java-lib,18-12-2018,library api,24,0,1.0.3
com.abiquo,vsm-model-transport,9-1-2015,model transport,6,0,2.2.1
org.json4s,json4s-native_2.8.1,30-12-2012,json native,2,16,3.1.0
com.github.cafdataprocessing,worker-languagedetection-container,23-3-2020,github container,12,0,3.2.0-608
org.abstractform,org.abstractform.vaadin,4-6-2014,web-framework gwt,3,3,0.2.0
io.github.emsoft,scalut-wizard_2.12,10-1-2017,github io,2,0,0.3.0
us.rothmichaels.lib,us.rm-reflect,19-9-2012,library reflection,1,1,1.0.0
de.thalia.boot.trace,thalia-trace-starter,21-12-2019,tracing starter,4,0,1.1.1
org.wso2.carbon.identity,identity-framework,9-9-2016,framework identity,8,0,5.5.0-m4
com.github.philcali,capture-server_2.9.0-1,5-5-2012,github server,2,1,0.0.2
com.github.petruki,switcher-client,31-7-2020,github client,7,0,1.0.6
org.opendaylight.aaa.web,web-api,10-8-2020,web api,15,10,0.11.2
org.qi4j.library,org.qi4j.library.locking,31-7-2015,locking library,1,8,2.1
com.nervousync,cache-api,5-7-2018,cache api,1,2,1.0.0
com.io7m.junreachable,com.io7m.junreachable.documentation,23-6-2019,doc io,7,0,3.0.0
io.mraa.at.upm,upm_m24lr64e,28-2-2018,io android,4,0,1.6.0
org.jresearch.flexess.client,org.jresearch.flexess.client.api,15-3-2018,client api,34,7,1.3.44
io.rtdi.bigdata.connector,pipelinefoundation,5-8-2020,connector io,26,5,0.9.26
commons-beanutils,commons-beanutils-bean-collections,13-3-2013,beans collections,6,11,1.8.3
io.axual.client,axual-client-parent,13-7-2020,client io,6,0,5.4.4
com.io7m.sombrero,com.io7m.sombrero.tests,9-4-2017,testing io,1,0,0.3.1
org.ode4j,parent,2-1-2019,physics engine,7,0,0.4.0
net.avh4.framework,uilayer-examples,13-9-2013,example framework,11,0,3.2.1
com.liferay,com.liferay.frontend.js.lodash.web,25-6-2020,web frontend,44,0,3.0.8
fi.metatavu.metaform,metaform-api-client,8-8-2019,client api,30,0,0.1.6
io.restx,restx-validation,4-5-2018,io validation,9,1,0.35.1
com.jvm123,minio-spring-boot-starter,10-3-2020,spring starter,4,0,1.2.1
org.julienrf,endpoints-json-schema-playjson_2.12,3-6-2020,json schema,12,3,0.15.0+90-108...
com.uberfusion,telco_library,11-11-2015,library android,2,0,1.0.1
com.github.e-rikov,wheelview,20-7-2017,github android,1,0,1.0.0
com.helger,ph-datetime,15-7-2020,date time,61,28,9.4.6
com.offerready,xslt-library,28-2-2020,library xslt,14,0,2.7.1
li.rudin.rt,rt-servlet30-test,29-8-2013,testing servlet,2,0,2.3
com.github.linjonh,mvp-arch-android,28-1-2019,github android,2,0,1.0.2
org.skinny-framework,skinny-framework_2.13.0-M4,12-12-2018,framework web,4,6,3.0.1
org.restcomm.protocols.ss7.statistics,statistics-impl,3-8-2018,protocol stats,23,9,8.0.0-179
org.hawkular.agent,hawkular-agent-command-cli,27-10-2017,agent command-line,14,1,1.0.1.Final
com.github.antoniobarbuzzi,object-csv_2.11,7-12-2015,github csv,2,0,0.1.1
com.storm-enroute,scalameter-core_2.13,30-7-2019,benchmark performance,1,3,0.19
com.github.liuzhengyang,apm-agent,2-4-2020,github agent,12,0,1.10.5
com.github.skjolber.gtfs-databinding,gtfs-databinding,3-1-2020,github binding,3,0,1.0.2
net.pwall.json,json-kotlin,12-7-2020,json kotlin,28,4,3.8
technology.yiss.kotlin,kotlin-test-js,13-6-2018,testing kotlin,2,1,1.2.42
com.github.h908714124,zerobuilder-module-generics,18-11-2016,github module,3,0,1.523
com.jwebmp.jre11,jwebmp-angular-ui-zoom,18-11-2018,angular ui,1,0,0.62.0.1
com.github.nicklaus4,localcache-pool,13-5-2019,github pooling,1,0,1.0.6
ru.tinkoff,aerospike-scala-example_2.12,11-4-2017,scala example,1,0,1.1.14
de.adorsys.bg.monitoring,bg-monitoring-client,10-12-2019,monitoring client,2,1,0.1.0-rc2
com.networkbench,tingyun-ea-agent-android-class-rewriter,17-9-2018,agent android,17,2,2.7.4.2
us.oyanglul,zhuyu-effect-s3_2.12,9-2-2020,aws s3,5,1,0.4.0
com.github.chen0040,java-data-visualizer,18-6-2017,github data,1,2,1.0.1
org.deeplearning4j,scalnet_2.11,14-5-2020,machine-learning deep-learning,15,1,1.0.0-beta7
com.hazelcast.jet,hazelcast-jet-hadoop,14-7-2020,hazelcast hadoop,19,4,4.2
io.gravitee.definition,gravitee-definition-model,17-7-2020,model io,52,6,1.23.0
org.kuali.common,kuali-aws,28-9-2014,amazon aws,9,1,1.0.8
com.github.blakepettersson,reactmann-java-archetype,29-1-2015,github archetype,6,0,0.5-preview
net.jakubholy.jeeutils.jsfelcheck,static-jsfexpression-validator-jsf12,1-3-2012,jsf validation,8,3,1.0.0
com.yoti.mobile.android,camera,19-12-2019,mobile android,2,2,3.0.7
org.ow2.chameleon.fuchsia.examples,filebased-config,10-4-2014,example config,1,0,0.0.2
com.soywiz,korio-ext-db-mysql,19-9-2017,mysql database,13,0,0.13.0
org.bom4v.ti,ti-models-customers_2.11,28-2-2019,bom model,1,2,0.0.1
org.solovyev.android.aspecta,plugin,23-6-2020,plugin android,2,0,1.0.1
net.avcompris.commons,avc-binding-json,27-2-2019,binding json,8,0,0.1.19
org.wso2.carbon.registry,org.wso2.carbon.registry.webdav.feature,2-7-2020,registry webdav,47,0,4.7.35
org.scalatestplus,junit-4-12_0.26,11-8-2020,testing junit,2,0,3.2.1.0
org.wso2.analytics.solutions,org.wso2.analytics.solutions.sp.twitter.analytics.widgets.livetweets,2-6-2020,analytics twitter,54,1,1.0.53
org.jberet,jberet-vertx-rest,16-5-2018,rest vertx,2,0,1.3.0.Final
com.uber.simplestore,simplestore-proto,10-6-2020,protocol android,4,0,0.0.8
com.github.pysrc,sheet-io,7-8-2019,github io,3,0,1.0.2
com.github.lkmc2,sql-faker,20-10-2019,github sql,9,0,1.0.8
org.eclipse.ditto,ditto-client,20-7-2020,eclipse client,9,0,1.1.3
cn.qqhxj.common,spring-boot-starter-rxtx,15-11-2019,spring starter,2,0,1.3.1-RELEASE
com.github.alexarchambault,case-app-annotations_sjs0.6_2.13.0-M2,5-2-2018,github annotations,2,2,2.0.0-M3
net.cofcool.chaos,chaos-server-boot-starter,23-9-2019,server starter,2,0,0.4.1
org.codehaus.jettison,jettison,18-3-2020,codehaus json,19,206,1.4.1
sh.platform.archetype,payara,7-2-2020,platform archetype,1,0,0.0.1
io.ktor,ktor-auth,10-8-2020,io authentication,24,5,1.3.2-1.4.0-rc
taglibs,permittedTaglibs,22-11-2005,jsp taglib,2,0,1.1.1
io.youi,youi-template_2.11,10-10-2017,io template,41,1,0.7.3
cn.playalot,reactivemongo-extensions-core_2.13,17-6-2020,extension mongodb,2,2,0.20.11
dev.gitlive,firebase-auth-metadata,13-7-2020,authentication metadata,3,0,0.2.0
org.mule.modules,mule-spring-module,3-10-2017,module spring,1,4,0.9.0
com.monits,findbugs-plugin,3-10-2016,plugin analysis,1,0,0.2.0
com.moensun.common,moensun-common-spring-kindeditor-resources,24-4-2017,spring resource,1,0,1.0.0
ch.sourcepond.io,checksum-api,25-1-2018,io api,14,5,4.0.3
